Id,Event,TrialN,ReactionTime,LookingTime,SES
1,NoReward,1,344.124257472753,1139.81016964208,low
1,NoReward,2,361.938910790016,1156.41396839733,low
1,NoReward,3,406.349903928927,1073.54683179224,low
1,NoReward,4,395.277391183362,1106.57662817046,low
1,NoReward,5,382.164937180224,990.557189916697,low
1,NoReward,6,367.299972927645,1053.66052867673,low
1,NoReward,7,351.338638061659,1041.29026286806,low
1,NoReward,8,406.960179250326,879.327750559985,low
1,NoReward,9,310.567045332763,981.525016827062,low
1,NoReward,10,322.768098425155,970.137613603893,low
1,NoReward,11,356.729462763232,968.987628375269,low
1,NoReward,12,341.226067516786,880.238243881727,low
1,NoReward,13,321.377173284217,884.876181933385,low
1,NoReward,14,259.56174870971,896.300850107917,low
1,NoReward,15,316.620251910596,967.110709241716,low
1,NoReward,16,293.574112835153,855.451312036327,low
1,NoReward,17,302.704267341531,845.059976159214,low
1,NoReward,18,277.545701296652,835.840776911248,low
1,NoReward,19,315.127798489236,754.954467770922,low
1,NoReward,20,281.427914431408,754.037873103192,low
1,Reward,1,420.123976582863,1257.19495010613,low
1,Reward,2,439.047600855442,1179.43714749596,low
1,Reward,3,457.332843245341,1228.04039505283,low
1,Reward,4,529.877564037449,1232.87261409655,low
1,Reward,5,459.87320957588,1097.88684127219,low
1,Reward,6,447.45952138451503,1124.48085438093,low
1,Reward,7,498.096349835178,1178.36144998977,low
1,Reward,8,545.137129685518,1139.64966831184,low
1,Reward,9,549.869215169479,1136.86595835102,low
1,Reward,10,490.589846039137,1086.91685048437,low
1,Reward,11,525.268885525091,1097.52991134454,low
1,Reward,12,521.646737499208,1013.09154361333,low
1,Reward,13,570.584769728668,1005.18721483802,low
1,Reward,14,520.145735369856,1048.37793803173,low
1,Reward,15,580.614369405594,963.475334478031,low
1,Reward,16,603.993828501845,1051.00140527292,low
1,Reward,17,581.369964223409,1058.78515192383,low
1,Reward,18,631.48027558015,965.102095090062,low
1,Reward,19,605.060035400033,997.265844695335,low
1,Reward,20,675.893784552712,942.839849233841,low
2,NoReward,1,432.704804050354,1311.84133682851,high
2,NoReward,2,405.367740608537,1321.72971127336,high
2,NoReward,3,367.408868640984,1259.64437180571,high
2,NoReward,4,339.55865149404,1288.29850122492,high
2,NoReward,5,397.058992735877,1264.55701715176,high
2,NoReward,6,345.745330707474,1201.95871029199,high
2,NoReward,7,297.796516913394,1154.38174584647,high
2,NoReward,8,286.960291129459,1217.50371492765,high
2,NoReward,9,262.844075396607,1195.53190334608,high
2,NoReward,10,282.596212238872,1171.7763275231,high
2,NoReward,11,238.267593594396,1202.702003659,high
2,NoReward,12,221.781089535332,1208.9083149196,high
2,NoReward,13,257.468679405844,1104.22558064729,high
2,NoReward,14,224.506994726769,1098.55785081209,high
2,NoReward,15,215.950092250928,1136.88216649841,high
2,NoReward,16,NA,NA,high
2,NoReward,17,NA,NA,high
2,NoReward,18,NA,NA,high
2,NoReward,19,NA,NA,high
2,NoReward,20,NA,NA,high
2,Reward,1,550.574091318561,1374.95084217969,high
2,Reward,2,495.16271858111,1318.7410445101,high
2,Reward,3,454.233364503755,1428.4491621056,high
2,Reward,4,486.918020539526,1379.16498698163,high
2,Reward,5,474.879667923289,1391.3873232945,high
2,Reward,6,465.852910858223,1368.50721775814,high
2,Reward,7,409.210757437366,1389.85410836768,high
2,Reward,8,421.998463047495,1312.2701143485,high
2,Reward,9,451.370327140626,1281.12789127431,high
2,Reward,10,405.417991382929,1319.60325602736,high
2,Reward,11,419.89957488762,1243.02571115758,high
2,Reward,12,356.07021200107,1344.31996597081,high
2,Reward,13,446.90725681047,1179.58198243262,high
2,Reward,14,415.009928795105,1220.00665589431,high
2,Reward,15,336.253716084193,1253.4540237561,high
2,Reward,16,363.655925268555,1187.69819010392,high
2,Reward,17,329.720065658931,1227.597928046,high
2,Reward,18,363.678808697399,1160.54628071808,high
2,Reward,19,357.378841818897,1226.8738170862,high
2,Reward,20,305.752537287698,1143.58120634837,high
3,NoReward,1,515.407445551103,1475.15718012492,low
3,NoReward,2,449.494482498776,1521.30747336697,low
3,NoReward,3,485.767021392599,1576.68313226168,low
3,NoReward,4,492.081498765479,1514.16919120477,low
3,NoReward,5,454.462072954256,1468.22487679988,low
3,NoReward,6,444.111023884561,1500.99543921378,low
3,NoReward,7,403.087061495607,1564.9557032593,low
3,NoReward,8,462.265895307016,1519.77694727475,low
3,NoReward,9,440.402738984447,1507.96639387309,low
3,NoReward,10,374.717795078167,1565.15645688369,low
3,NoReward,11,368.717809553672,1414.71200559541,low
3,NoReward,12,382.221482474367,1518.96806255321,low
3,NoReward,13,350.506070098025,1497.16866163651,low
3,NoReward,14,354.679920171768,1475.91784988928,low
3,NoReward,15,374.725227560008,1536.71801167497,low
3,NoReward,16,375.623247310487,1555.06492293342,low
3,NoReward,17,388.664446958351,1503.36006390745,low
3,NoReward,18,398.871998707918,1446.0502417832,low
3,NoReward,19,335.944636658878,1489.87065821092,low
3,NoReward,20,324.62629733824,1501.36783460816,low
3,Reward,1,531.42431473239,1564.40064985542,low
3,Reward,2,525.669209805381,1606.35305756265,low
3,Reward,3,587.750436378542,1655.29404164134,low
3,Reward,4,540.061347236467,1587.53551207189,low
3,Reward,5,528.477506293788,1667.09525007216,low
3,Reward,6,575.662899047701,1560.35291651619,low
3,Reward,7,582.433533976914,1637.70405862966,low
3,Reward,8,663.475149116043,1627.59156071838,low
3,Reward,9,705.807900682373,1635.02045201105,low
3,Reward,10,637.605164026086,1669.74151254869,low
3,Reward,11,658.696035129853,1719.22033883261,low
3,Reward,12,620.127161107299,1591.12038042295,low
3,Reward,13,697.117787876745,1711.7567033462,low
3,Reward,14,662.590824757804,1672.51487695324,low
3,Reward,15,679.091594742075,1638.06027591444,low
3,Reward,16,670.949865840071,1601.16051366363,low
3,Reward,17,622.258921465521,1700.50981959667,low
3,Reward,18,733.909542792377,1720.70356153903,low
3,Reward,19,843.042063505685,1721.34491220455,low
3,Reward,20,847.441525306626,1688.31329289743,low
4,NoReward,1,237.267717042258,1282.15904522902,high
4,NoReward,2,242.106173743601,1273.82010703418,high
4,NoReward,3,228.687864366007,1238.57502445171,high
4,NoReward,4,240.982020640866,1227.55983693114,high
4,NoReward,5,212.540241166411,1210.06449871007,high
4,NoReward,6,221.718815065666,1164.07984706358,high
4,NoReward,7,NA,NA,high
4,NoReward,8,211.630263349522,1171.71919000529,high
4,NoReward,9,NA,NA,high
4,NoReward,10,NA,NA,high
4,NoReward,11,NA,NA,high
4,NoReward,12,NA,NA,high
4,NoReward,13,NA,NA,high
4,NoReward,14,NA,NA,high
4,NoReward,15,NA,NA,high
4,NoReward,16,NA,NA,high
4,NoReward,17,NA,NA,high
4,NoReward,18,NA,NA,high
4,NoReward,19,NA,NA,high
4,NoReward,20,NA,NA,high
4,Reward,1,284.032619899339,1364.32367312572,high
4,Reward,2,275.751337721885,1338.73893898176,high
4,Reward,3,305.629562618564,1340.54400449856,high
4,Reward,4,268.147599135384,1318.99395538601,high
4,Reward,5,282.615582365254,1339.09513721586,high
4,Reward,6,286.922400180511,1397.93795401701,high
4,Reward,7,275.205074248625,1294.50932476383,high
4,Reward,8,291.326272486496,1280.09518220428,high
4,Reward,9,278.980945019042,1249.43630242407,high
4,Reward,10,294.159427294878,1279.02727097995,high
4,Reward,11,309.053318876744,1340.82082766738,high
4,Reward,12,272.571019003798,1263.54486116168,high
4,Reward,13,286.794385015139,1259.99803471642,high
4,Reward,14,305.696399839011,1282.79918837778,high
4,Reward,15,297.343011224013,1265.83754403587,high
4,Reward,16,249.416789515161,1274.30523396332,high
4,Reward,17,320.053151631345,1299.13336080789,high
4,Reward,18,296.07499864654,1203.04389787419,high
4,Reward,19,262.621545034245,1283.58920768153,high
4,Reward,20,300.616492595824,1238.44870856057,high
5,NoReward,1,363.731865406396,1449.58637250763,medium
5,NoReward,2,354.459674356554,1441.20877145435,medium
5,NoReward,3,346.408258386225,1444.88297871359,medium
5,NoReward,4,290.015517881374,1487.51039183373,medium
5,NoReward,5,277.057651305633,1500.21201692596,medium
5,NoReward,6,254.176056335366,1467.20611903563,medium
5,NoReward,7,322.288923783114,1474.05497621562,medium
5,NoReward,8,270.704370659623,1479.36775525231,medium
5,NoReward,9,260.128727994006,1481.10259880882,medium
5,NoReward,10,300.816762383781,1518.85582073588,medium
5,NoReward,11,259.699504588848,1490.17993273277,medium
5,NoReward,12,241.643336599421,1525.2050204612,medium
5,NoReward,13,238.668494100546,1587.59188106169,medium
5,NoReward,14,234.361106798841,1527.84963529157,medium
5,NoReward,15,212.341246809623,1586.93719650167,medium
5,NoReward,16,227.148418868193,1503.80038656134,medium
5,NoReward,17,220.43657442561,1499.41585159725,medium
5,NoReward,18,213.604628361772,1502.72156374891,medium
5,NoReward,19,NA,NA,medium
5,NoReward,20,NA,NA,medium
5,Reward,1,406.859968118937,1556.53150097486,medium
5,Reward,2,491.092390293976,1596.95437684739,medium
5,Reward,3,417.515744327962,1632.65471089754,medium
5,Reward,4,408.297207480177,1533.23052255916,medium
5,Reward,5,435.004840200583,1621.32089105871,medium
5,Reward,6,408.61492349735,1533.44007683018,medium
5,Reward,7,391.071128671627,1680.30665587885,medium
5,Reward,8,424.104106663346,1546.98184474028,medium
5,Reward,9,406.211997426978,1584.79362398317,medium
5,Reward,10,428.156580345438,1624.7754111559,medium
5,Reward,11,407.604836060154,1613.84061789276,medium
5,Reward,12,438.137076850164,1676.1259781886,medium
5,Reward,13,417.151258001307,1657.25248953942,medium
5,Reward,14,423.131968916582,1737.90104359404,medium
5,Reward,15,463.417655948422,1712.67911107017,medium
5,Reward,16,354.975286738181,1686.82704648563,medium
5,Reward,17,401.319965618923,1626.26152915788,medium
5,Reward,18,431.373022447631,1664.01458640412,medium
5,Reward,19,466.300177765814,1691.00642445776,medium
5,Reward,20,424.489198532619,1689.59577877197,medium
6,NoReward,1,221.862716424791,1656.95963250074,high
6,NoReward,2,229.586813630132,1579.76949322522,high
6,NoReward,3,NA,NA,high
6,NoReward,4,215.956354535736,1537.27513669236,high
6,NoReward,5,NA,NA,high
6,NoReward,6,204.160990557519,1540.44036878896,high
6,NoReward,7,NA,NA,high
6,NoReward,8,NA,NA,high
6,NoReward,9,NA,NA,high
6,NoReward,10,NA,NA,high
6,NoReward,11,NA,NA,high
6,NoReward,12,NA,NA,high
6,NoReward,13,NA,NA,high
6,NoReward,14,NA,NA,high
6,NoReward,15,NA,NA,high
6,NoReward,16,NA,NA,high
6,NoReward,17,NA,NA,high
6,NoReward,18,NA,NA,high
6,NoReward,19,NA,NA,high
6,NoReward,20,NA,NA,high
6,Reward,1,250.935591896164,1657.2294145815,high
6,Reward,2,260.616568262846,1692.81139433654,high
6,Reward,3,245.940047151106,1696.4658504789,high
6,Reward,4,261.963077869224,1654.23613554185,high
6,Reward,5,275.329183182761,1608.59794291472,high
6,Reward,6,256.468993940715,1602.17578673488,high
6,Reward,7,246.895467785713,1701.9921094975,high
6,Reward,8,275.763619922802,1702.14754339725,high
6,Reward,9,249.431385721871,1659.35482731618,high
6,Reward,10,308.871347048097,1672.69068446401,high
6,Reward,11,289.292567761031,1569.8627154293,high
6,Reward,12,266.592320934113,1628.09742850066,high
6,Reward,13,275.935218227285,1553.86921777139,high
6,Reward,14,291.729119055692,1624.75687084624,high
6,Reward,15,258.781244509,1542.69119717167,high
6,Reward,16,290.528950279179,1537.00032283034,high
6,Reward,17,319.455239626933,1540.90931886836,high
6,Reward,18,274.387215579301,1533.1051030318,high
6,Reward,19,312.207418737224,1575.79853976108,high
6,Reward,20,319.64454277547,1651.19092371074,high
7,NoReward,1,282.274601522446,1546.1441303349,medium
7,NoReward,2,324.351913992311,1439.88298516141,medium
7,NoReward,3,272.63848317701,1524.8712285844,medium
7,NoReward,4,268.610526575197,1524.32534168345,medium
7,NoReward,5,240.823381737277,1514.09975892835,medium
7,NoReward,6,236.884824418874,1425.25876194592,medium
7,NoReward,7,NA,NA,medium
7,NoReward,8,NA,NA,medium
7,NoReward,9,NA,NA,medium
7,NoReward,10,NA,NA,medium
7,NoReward,11,NA,NA,medium
7,NoReward,12,NA,NA,medium
7,NoReward,13,NA,NA,medium
7,NoReward,14,NA,NA,medium
7,NoReward,15,NA,NA,medium
7,NoReward,16,NA,NA,medium
7,NoReward,17,NA,NA,medium
7,NoReward,18,NA,NA,medium
7,NoReward,19,NA,NA,medium
7,NoReward,20,NA,NA,medium
7,Reward,1,343.836440349474,1611.81047993866,medium
7,Reward,2,315.534041937739,1575.96063254991,medium
7,Reward,3,325.632415170195,1528.90822097587,medium
7,Reward,4,344.219452343399,1582.15759952311,medium
7,Reward,5,378.722396030988,1620.30731626418,medium
7,Reward,6,344.300838997164,1548.64279886356,medium
7,Reward,7,284.691892108483,1581.84989310733,medium
7,Reward,8,297.779799983145,1661.56286202645,medium
7,Reward,9,304.325268084014,1555.08568385349,medium
7,Reward,10,312.4860749534,1581.30654614236,medium
7,Reward,11,277.085432454133,1612.99704737864,medium
7,Reward,12,264.885760790797,1564.76682322043,medium
7,Reward,13,256.227940560535,1497.95632865023,medium
7,Reward,14,286.568715898048,1560.99030053959,medium
7,Reward,15,233.72587406816,1515.76447927444,medium
7,Reward,16,282.836168197196,1452.88344505833,medium
7,Reward,17,233.459975456796,1550.78846687792,medium
7,Reward,18,228.119356787693,1516.85183366737,medium
7,Reward,19,271.121733654892,1553.05071377173,medium
7,Reward,20,279.875884555211,1544.13957618158,medium
8,NoReward,1,272.463399097437,1331.6172328673,high
8,NoReward,2,218.651760514197,1364.0426611492,high
8,NoReward,3,NA,NA,high
8,NoReward,4,263.357273140017,1243.7121639439,high
8,NoReward,5,233.50955720588,1254.83696202734,high
8,NoReward,6,222.578612464832,1231.44831042973,high
8,NoReward,7,NA,NA,high
8,NoReward,8,NA,NA,high
8,NoReward,9,NA,NA,high
8,NoReward,10,NA,NA,high
8,NoReward,11,NA,NA,high
8,NoReward,12,NA,NA,high
8,NoReward,13,NA,NA,high
8,NoReward,14,NA,NA,high
8,NoReward,15,NA,NA,high
8,NoReward,16,NA,NA,high
8,NoReward,17,NA,NA,high
8,NoReward,18,NA,NA,high
8,NoReward,19,NA,NA,high
8,NoReward,20,NA,NA,high
8,Reward,1,272.567379247208,1509.98831527401,high
8,Reward,2,288.835736102518,1384.09327894235,high
8,Reward,3,285.33989434065103,1345.15096657739,high
8,Reward,4,286.86879578008,1326.39869419571,high
8,Reward,5,270.250148631529,1279.49852190139,high
8,Reward,6,291.47687180836,1281.26406447978,high
8,Reward,7,317.880344495319,1288.7098443467,high
8,Reward,8,267.070298195212,1232.74761032397,high
8,Reward,9,282.917005818352,1276.54010125736,high
8,Reward,10,283.074330812032,1190.04959376569,high
8,Reward,11,327.866256101552,1260.55696026379,high
8,Reward,12,269.52272461595,1152.88612285083,high
8,Reward,13,303.074590407506,1184.7658098829,high
8,Reward,14,307.892194928651,1181.15643451327,high
8,Reward,15,276.242203098444,1174.92215099358,high
8,Reward,16,276.662959413578,1124.76523214231,high
8,Reward,17,275.040777225509,1089.98525131963,high
8,Reward,18,288.381586258888,1094.75587130122,high
8,Reward,19,315.521054866113,1107.25057541727,high
8,Reward,20,315.237059256434,1049.81447915729,high
9,NoReward,1,248.861925120208,1313.45266510984,high
9,NoReward,2,273.564876031274,1357.52586488062,high
9,NoReward,3,284.014376775913,1337.9032101712,high
9,NoReward,4,259.593342833183,1276.60812247183,high
9,NoReward,5,287.910717706499,1291.1751558081,high
9,NoReward,6,250.458953189288,1225.59879158594,high
9,NoReward,7,233.058418343957,1190.65998792492,high
9,NoReward,8,291.636414858275,1289.89856377912,high
9,NoReward,9,263.389461388497,1262.35465570539,high
9,NoReward,10,275.479970748191,1148.4861076165,high
9,NoReward,11,294.498354126161,1130.50870585503,high
9,NoReward,12,260.801204601723,1168.94808730799,high
9,NoReward,13,250.836154546411,1175.30955959848,high
9,NoReward,14,249.108223576558,1131.06066421033,high
9,NoReward,15,256.693201913284,1162.74475670302,high
9,NoReward,16,247.61788560575,1177.7105086069,high
9,NoReward,17,248.189636014805,1101.03051071677,high
9,NoReward,18,244.739434964667,1124.46085345942,high
9,NoReward,19,254.852262958927,1097.42390944851,high
9,NoReward,20,281.06997396886,1131.6077737954,high
9,Reward,1,350.499697639089,1420.02317972225,high
9,Reward,2,294.315855869447,1449.6971335575,high
9,Reward,3,344.289874676594,1332.89164434149,high
9,Reward,4,347.483955435678,1413.88976277621,high
9,Reward,5,285.045078403888,1408.17132873179,high
9,Reward,6,357.907386568814,1346.84994648704,high
9,Reward,7,314.477797368674,1334.44514715446,high
9,Reward,8,372.927267110219,1401.09055489098,high
9,Reward,9,404.030117270873,1380.5310228255,high
9,Reward,10,370.243248219426,1260.83743385908,high
9,Reward,11,420.708403644256,1292.79901601436,high
9,Reward,12,413.852418474363,1378.82124352152,high
9,Reward,13,482.604818399431,1314.34680417312,high
9,Reward,14,432.129821718036,1296.70431676485,high
9,Reward,15,518.131320061011,1282.45755925032,high
9,Reward,16,479.406016023407,1321.23039027687,high
9,Reward,17,540.373220855702,1329.62926862082,high
9,Reward,18,489.997054134065,1224.43786915752,high
9,Reward,19,558.250007779349,1208.88249069701,high
9,Reward,20,589.919370308413,1196.64069655811,high
10,NoReward,1,354.338690520384,1284.40294545662,high
10,NoReward,2,324.582936176275,1280.02857848856,high
10,NoReward,3,332.971878737996,1331.89682394761,high
10,NoReward,4,336.597531091681,1354.06385729256,high
10,NoReward,5,355.03360898334,1333.7502576231,high
10,NoReward,6,333.929407023476,1372.13850427023,high
10,NoReward,7,256.36609112845,1317.04468722575,high
10,NoReward,8,300.523965517179,1342.32151837182,high
10,NoReward,9,296.161747131239,1343.23782994087,high
10,NoReward,10,242.743974527047,1386.35190642463,high
10,NoReward,11,258.09184936891,1435.22533148009,high
10,NoReward,12,241.334184838794,1425.78315794768,high
10,NoReward,13,220.645924122165,1408.14577198034,high
10,NoReward,14,243.559014029334,1501.63196353484,high
10,NoReward,15,238.583252868177,1416.54476213113,high
10,NoReward,16,218.556611764806,1477.0575919174,high
10,NoReward,17,NA,NA,high
10,NoReward,18,225.955084728474,1510.3784085099,high
10,NoReward,19,222.570640160509,1610.94050361747,high
10,NoReward,20,NA,NA,high
10,Reward,1,441.086899359116,1333.11846170448,high
10,Reward,2,392.249349469404,1395.30600093372,high
10,Reward,3,403.552439304071,1427.43634284635,high
10,Reward,4,366.339447380981,1341.6520540892,high
10,Reward,5,387.979079030764,1478.31548245997,high
10,Reward,6,403.800961992304,1457.12463500229,high
10,Reward,7,360.595010420416,1536.2229540128901,high
10,Reward,8,378.437469969048,1417.51921661265,high
10,Reward,9,415.470972041396,1541.20141214372,high
10,Reward,10,362.625911229577,1534.47151135386,high
10,Reward,11,423.923381820532,1536.56044761758,high
10,Reward,12,393.776680456711,1497.55756063909,high
10,Reward,13,413.492947945712,1575.06500816553,high
10,Reward,14,409.917105539682,1610.50042759357,high
10,Reward,15,447.934553335275,1576.35660092015,high
10,Reward,16,389.451565413899,1655.25197906036,high
10,Reward,17,388.454039385597,1637.06993960754,high
10,Reward,18,390.11317358166,1658.59606023646,high
10,Reward,19,459.932194967782,1710.68689655963,high
10,Reward,20,441.109926391243,1765.01973190631,high
11,NoReward,1,452.330708718018,1555.85300561358,high
11,NoReward,2,425.41644315021,1544.58891065095,high
11,NoReward,3,392.678871004593,1511.1998247752001,high
11,NoReward,4,363.360460933495,1502.995479748,high
11,NoReward,5,301.499865558628,1449.5610088696,high
11,NoReward,6,302.728645890529,1436.15192820142,high
11,NoReward,7,270.234274546659,1448.02185808082,high
11,NoReward,8,296.758386553862,1389.72265143738,high
11,NoReward,9,300.12966662675,1419.82055067909,high
11,NoReward,10,283.404448237336,1403.23134904713,high
11,NoReward,11,240.339913389387,1267.88265853717,high
11,NoReward,12,210.617995130154,1317.7638601205,high
11,NoReward,13,NA,NA,high
11,NoReward,14,NA,NA,high
11,NoReward,15,NA,NA,high
11,NoReward,16,NA,NA,high
11,NoReward,17,NA,NA,high
11,NoReward,18,NA,NA,high
11,NoReward,19,NA,NA,high
11,NoReward,20,NA,NA,high
11,Reward,1,512.696219101629,1627.29788571004,high
11,Reward,2,563.769710648231,1619.42040882396,high
11,Reward,3,443.383231007771,1553.20672623815,high
11,Reward,4,429.173770488199,1591.74886503364,high
11,Reward,5,456.53442402621,1585.66924663957,high
11,Reward,6,473.116697316724,1533.90504144985,high
11,Reward,7,410.447856251731,1486.44249469426,high
11,Reward,8,428.658089923579,1466.67835163295,high
11,Reward,9,372.299000837109,1583.95193516697,high
11,Reward,10,359.866360349939,1435.70095084027,high
11,Reward,11,385.941655541195,1488.66909871355,high
11,Reward,12,363.578934377093,1387.68308408542,high
11,Reward,13,305.11491958785,1402.82835217863,high
11,Reward,14,337.39601725395,1366.31873542305,high
11,Reward,15,306.816433578265,1355.86490593826,high
11,Reward,16,344.155908372459,1319.51021303505,high
11,Reward,17,318.321754279004,1361.97532325818,high
11,Reward,18,341.805315988092,1346.80416075188,high
11,Reward,19,324.985944521125,1323.8151013586,high
11,Reward,20,269.864791131627,1277.85643841849,high
12,NoReward,1,512.475350291848,1781.39018271221,low
12,NoReward,2,510.131580780547,1779.40717027587,low
12,NoReward,3,458.332307039988,1831.59604196376,low
12,NoReward,4,413.240733444781,1751.7135508164,low
12,NoReward,5,373.2376251899,1814.78588446397,low
12,NoReward,6,344.871586068995,1840.03501626944,low
12,NoReward,7,337.878203784551,1782.54026809609,low
12,NoReward,8,285.276708268876,1713.58912893455,low
12,NoReward,9,276.174676206743,1790.89074785027,low
12,NoReward,10,282.880129140582,1838.70193445841,low
12,NoReward,11,228.455563481911,1804.73952298668,low
12,NoReward,12,210.516605605299,1780.67745936141,low
12,NoReward,13,229.864596580023,1817.67130316868,low
12,NoReward,14,NA,NA,low
12,NoReward,15,NA,NA,low
12,NoReward,16,NA,NA,low
12,NoReward,17,NA,NA,low
12,NoReward,18,NA,NA,low
12,NoReward,19,NA,NA,low
12,NoReward,20,NA,NA,low
12,Reward,1,716.139522240621,1878.41260323004,low
12,Reward,2,583.447546438084,1889.59617252038,low
12,Reward,3,555.443549999485,1964.45168875622,low
12,Reward,4,512.007718481594,1889.64035792537,low
12,Reward,5,505.422983462495,1935.31755979439,low
12,Reward,6,485.31242753508,1880.4467276065,low
12,Reward,7,420.814473122089,1966.08746410418,low
12,Reward,8,434.707505614423,1903.20945693732,low
12,Reward,9,419.56209108096,1873.70834310933,low
12,Reward,10,362.121348861328,1843.26391069839,low
12,Reward,11,405.364877397066,1873.61160980055,low
12,Reward,12,362.110084321791,1859.7167267439,low
12,Reward,13,377.616579426825,1980,low
12,Reward,14,352.244903002696,1916.23889095925,low
12,Reward,15,321.610631005508,1908.425071442,low
12,Reward,16,330.9930155636,1886.77768466976,low
12,Reward,17,314.777740434774,1930.8260464556,low
12,Reward,18,296.457491831359,1922.5926655251,low
12,Reward,19,275.023236608232,1931.57723395688,low
12,Reward,20,265.038825389118,1947.78836965317,low
13,NoReward,1,499.047132662982,1249.9053635562,high
13,NoReward,2,448.261271094046,1268.73719645964,high
13,NoReward,3,493.878672146471,1157.5508536724,high
13,NoReward,4,392.978766856685,1195.92016620464,high
13,NoReward,5,424.078948000631,1244.49713954015,high
13,NoReward,6,427.04609002422,1168.1820814755,high
13,NoReward,7,371.173327855321,1123.74211435267,high
13,NoReward,8,359.624277392852,1128.56194745955,high
13,NoReward,9,326.316078113452,1104.90299248905,high
13,NoReward,10,313.669676425957,999.116684179382,high
13,NoReward,11,296.544870597078,1006.11519548403,high
13,NoReward,12,296.443981811898,1008.37302211403,high
13,NoReward,13,255.194329218936,982.854611423794,high
13,NoReward,14,285.79933942173,1006.99142647111,high
13,NoReward,15,252.594261307641,1027.28561049831,high
13,NoReward,16,251.662133729006,938.924464652774,high
13,NoReward,17,241.018351986137,985.878758611396,high
13,NoReward,18,243.438723862624,981.038567610902,high
13,NoReward,19,NA,NA,high
13,NoReward,20,NA,NA,high
13,Reward,1,497.41488160692,1380.05247750527,high
13,Reward,2,581.380656620886,1284.41039089641,high
13,Reward,3,510.687836933588,1345.36192932615,high
13,Reward,4,468.458230101884,1295.76107966493,high
13,Reward,5,552.942243618049,1224.99003879475,high
13,Reward,6,503.942699321935,1249.97179581166,high
13,Reward,7,510.752156454499,1284.59857892486,high
13,Reward,8,501.090564394657,1211.11416684102,high
13,Reward,9,571.075003669883,1190.52821490447,high
13,Reward,10,508.002762905367,1225.59851800592,high
13,Reward,11,493.398339058466,1202.25491961055,high
13,Reward,12,471.592602639519,1156.17596970591,high
13,Reward,13,497.970665811647,1097.41400913817,high
13,Reward,14,553.468099056493,1193.8066632777,high
13,Reward,15,485.626544447349,1185.79003330755,high
13,Reward,16,487.575949121445,1157.2745581208,high
13,Reward,17,517.159702131618,1118.03970444864,high
13,Reward,18,504.31432386116,1093.45175272903,high
13,Reward,19,445.016566792956,1118.66893022974,high
13,Reward,20,456.318971127761,1027.25860716111,high
14,NoReward,1,540.936318893197,1650.82089525158,high
14,NoReward,2,548.877051264419,1654.45362963849,high
14,NoReward,3,455.579294004511,1644.25806728143,high
14,NoReward,4,467.151311137908,1680.62434547241,high
14,NoReward,5,478.540977880082,1529.10408654464,high
14,NoReward,6,429.790400510439,1509.37891607327,high
14,NoReward,7,411.967301275626,1544.5315040009,high
14,NoReward,8,356.019343101702,1518.98840287208,high
14,NoReward,9,375.84005722972,1510.47819996673,high
14,NoReward,10,334.972030336274,1545.65536909275,high
14,NoReward,11,328.438122333716,1523.17040112891,high
14,NoReward,12,318.239233158676,1574.84525317904,high
14,NoReward,13,310.869429004725,1556.27434366794,high
14,NoReward,14,278.297271796331,1546.88887900241,high
14,NoReward,15,263.879211031489,1514.64113181799,high
14,NoReward,16,312.35521070149,1530.0151184899,high
14,NoReward,17,258.6651012738,1621.42226687134,high
14,NoReward,18,252.811733918119,1522.68089892048,high
14,NoReward,19,233.45968616985,1492.5894986019,high
14,NoReward,20,NA,NA,high
14,Reward,1,551.687708109302,1690.17287747075,high
14,Reward,2,641.662684030725,1683.2990080897,high
14,Reward,3,626.337287386472,1738.37649125324,high
14,Reward,4,549.142734651591,1746.17837965079,high
14,Reward,5,607.012164697931,1669.31713004245,high
14,Reward,6,600.52738575425,1724.57797082141,high
14,Reward,7,557.652793788676,1694.61496994494,high
14,Reward,8,525.349894169365,1678.74425896877,high
14,Reward,9,586.344492837838,1724.4848696778,high
14,Reward,10,501.222588181162,1625.18717496927,high
14,Reward,11,508.20562413876,1785.56343749812,high
14,Reward,12,516.157426604384,1665.92204543944,high
14,Reward,13,542.601206173898,1722.64573879482,high
14,Reward,14,496.571800282287,1745.99361294031,high
14,Reward,15,571.040806372008,1695.69104639111,high
14,Reward,16,537.728274702344,1622.87748962863,high
14,Reward,17,533.972402256533,1680.98086774971,high
14,Reward,18,511.720163357116,1610.52287807128,high
14,Reward,19,473.536192402904,1644.09684325122,high
14,Reward,20,510.570541901457,1693.0830427602,high
15,NoReward,1,355.574247356579,1223.55785459047,high
15,NoReward,2,323.568229813775,1191.83881274255,high
15,NoReward,3,310.592125145621,1207.14160084621,high
15,NoReward,4,275.649806086056,1128.57681415492,high
15,NoReward,5,264.513528396736,1127.23931694447,high
15,NoReward,6,241.206488511304,1060.43732608339,high
15,NoReward,7,221.608478257775,1108.17177256541,high
15,NoReward,8,NA,NA,high
15,NoReward,9,197.624138054063,1109.16678801906,high
15,NoReward,10,NA,NA,high
15,NoReward,11,NA,NA,high
15,NoReward,12,NA,NA,high
15,NoReward,13,NA,NA,high
15,NoReward,14,NA,NA,high
15,NoReward,15,NA,NA,high
15,NoReward,16,NA,NA,high
15,NoReward,17,NA,NA,high
15,NoReward,18,NA,NA,high
15,NoReward,19,NA,NA,high
15,NoReward,20,NA,NA,high
15,Reward,1,353.672850299697,1215.65514931112,high
15,Reward,2,364.698456432844,1207.61365988436,high
15,Reward,3,342.509739335177,1271.60828257841,high
15,Reward,4,318.953619325222,1300.16382830678,high
15,Reward,5,319.015121330939,1229.3794090576,high
15,Reward,6,329.221024747714,1234.99172313882,high
15,Reward,7,343.156295441652,1230.34630745334,high
15,Reward,8,274.257071310494,1192.44142545284,high
15,Reward,9,301.028127025802,1160.27048993397,high
15,Reward,10,302.18390585766,1289.50593061998,high
15,Reward,11,247.517869376438,1198.95885972106,high
15,Reward,12,281.085422188115,1240.83842604614,high
15,Reward,13,245.774365022049,1138.12857711442,high
15,Reward,14,292.660879356594,1261.15252698238,high
15,Reward,15,227.490054722441,1225.34617470586,high
15,Reward,16,258.901044486768,1238.62442115507,high
15,Reward,17,NA,NA,high
15,Reward,18,247.535344707035,1155.96177355983,high
15,Reward,19,233.871581551231,1156.41568726972,high
15,Reward,20,225.730787017825,1163.69892321386,high
16,NoReward,1,395.009319405483,1426.73424252219,high
16,NoReward,2,369.264824860364,1387.71110398888,high
16,NoReward,3,368.390544815509,1492.09820576336,high
16,NoReward,4,352.585565636039,1364.12179379185,high
16,NoReward,5,307.483840717034,1435.94820460333,high
16,NoReward,6,273.658588941361,1383.68394077366,high
16,NoReward,7,277.320796545692,1412.92730102845,high
16,NoReward,8,222.650015051586,1393.01057831691,high
16,NoReward,9,221.265803112465,1497.65500024012,high
16,NoReward,10,207.849004957635,1384.71051963097,high
16,NoReward,11,NA,NA,high
16,NoReward,12,NA,NA,high
16,NoReward,13,NA,NA,high
16,NoReward,14,NA,NA,high
16,NoReward,15,NA,NA,high
16,NoReward,16,NA,NA,high
16,NoReward,17,NA,NA,high
16,NoReward,18,NA,NA,high
16,NoReward,19,NA,NA,high
16,NoReward,20,NA,NA,high
16,Reward,1,502.637645343015,1531.80259139874,high
16,Reward,2,485.448326029301,1569.5330634288,high
16,Reward,3,424.98008582104,1478.64454680685,high
16,Reward,4,445.40265269049,1484.64464247768,high
16,Reward,5,392.000448096488,1547.65116119635,high
16,Reward,6,328.927273554613,1492.53779558762,high
16,Reward,7,377.11310137913,1511.03742821219,high
16,Reward,8,333.602782197399,1459.30053844752,high
16,Reward,9,303.447810341562,1487.94628565238,high
16,Reward,10,305.685040134107,1521.76940312865,high
16,Reward,11,338.218548838591,1504.48225199248,high
16,Reward,12,262.468872154653,1527.88754937717,high
16,Reward,13,246.584442161683,1621.20607291782,high
16,Reward,14,224.996456445933,1483.58893633602,high
16,Reward,15,238.060959521021,1590.75262880745,high
16,Reward,16,NA,NA,high
16,Reward,17,216.526927935829,1503.57428097819,high
16,Reward,18,NA,NA,high
16,Reward,19,NA,NA,high
16,Reward,20,NA,NA,high
17,NoReward,1,426.670130393373,908.764957098748,medium
17,NoReward,2,358.800606209095,823.475056593195,medium
17,NoReward,3,355.932727580769,852.257328123568,medium
17,NoReward,4,361.355895686911,820.93623974156,medium
17,NoReward,5,345.878289935044,864.344580370122,medium
17,NoReward,6,277.582401680831,790.291406364168,medium
17,NoReward,7,250.96727209968,727.134433186935,medium
17,NoReward,8,243.72231011605,681.283004185108,medium
17,NoReward,9,237.032121337315,715.123026726579,medium
17,NoReward,10,257.202499341848,671.674599560896,medium
17,NoReward,11,NA,NA,medium
17,NoReward,12,NA,NA,medium
17,NoReward,13,NA,NA,medium
17,NoReward,14,NA,NA,medium
17,NoReward,15,NA,NA,medium
17,NoReward,16,NA,NA,medium
17,NoReward,17,NA,NA,medium
17,NoReward,18,NA,NA,medium
17,NoReward,19,NA,NA,medium
17,NoReward,20,NA,NA,medium
17,Reward,1,472.440766595676,1065.4280920117901,medium
17,Reward,2,449.152770020121,926.009913366353,medium
17,Reward,3,452.30622519008,956.810146310863,medium
17,Reward,4,406.418136866499,887.46026902029,medium
17,Reward,5,449.743005439736,916.945156913144,medium
17,Reward,6,414.808875988123,944.316817724786,medium
17,Reward,7,385.684296262757,861.445744800258,medium
17,Reward,8,382.560328294003,819.990997635936,medium
17,Reward,9,346.246381558192,828.229215215666,medium
17,Reward,10,299.108358483074,801.654336313735,medium
17,Reward,11,378.724603121053,807.067887815211,medium
17,Reward,12,295.627881352905,789.069400831397,medium
17,Reward,13,271.718360430121,776.523217370085,medium
17,Reward,14,299.425765355671,777.275293727286,medium
17,Reward,15,299.53065665286,741.164244017776,medium
17,Reward,16,262.588591188488,598.523755846333,medium
17,Reward,17,281.263260699408,680.29036531011,medium
17,Reward,18,287.97620071707,656.998772623875,medium
17,Reward,19,247.547434633728,611.665932291854,medium
17,Reward,20,265.895487028889,603.237359866816,medium
18,NoReward,1,409.979742324983,1356.83528393965,low
18,NoReward,2,339.260896641793,1337.29754535712,low
18,NoReward,3,318.197621050305,1281.01947273591,low
18,NoReward,4,331.792391509837,1288.44445985494,low
18,NoReward,5,285.358740019439,1211.87912593777,low
18,NoReward,6,285.592929506385,1232.66619190924,low
18,NoReward,7,277.255579496905,1202.54900125462,low
18,NoReward,8,267.761371650728,1218.98311979081,low
18,NoReward,9,259.985766000165,1050.13097095609,low
18,NoReward,10,269.482791639785,1084.99969265836,low
18,NoReward,11,234.67353015735,1137.05881056545,low
18,NoReward,12,207.298072884198,1070.92940269351,low
18,NoReward,13,237.575841016737,1015.37980263098,low
18,NoReward,14,NA,NA,low
18,NoReward,15,NA,NA,low
18,NoReward,16,NA,NA,low
18,NoReward,17,NA,NA,low
18,NoReward,18,NA,NA,low
18,NoReward,19,NA,NA,low
18,NoReward,20,NA,NA,low
18,Reward,1,398.791434290322,1416.6346858932,low
18,Reward,2,378.391428248044,1379.06406351936,low
18,Reward,3,408.537641486182,1346.26262141087,low
18,Reward,4,431.805371056639,1334.21969942076,low
18,Reward,5,425.009156186436,1313.59480639639,low
18,Reward,6,387.507759809957,1304.00001568033,low
18,Reward,7,409.03100683274,1317.87046232767,low
18,Reward,8,391.437165162811,1325.93937607496,low
18,Reward,9,364.42557794128,1214.25695435518,low
18,Reward,10,326.132673488254,1251.12426835237,low
18,Reward,11,378.583014272134,1324.89576698815,low
18,Reward,12,341.011573375875,1173.82829472006,low
18,Reward,13,341.503670993676,1269.56988811367,low
18,Reward,14,387.418417210468,1097.42596917535,low
18,Reward,15,340.087776708836,1141.79377268157,low
18,Reward,16,369.12568693229,1071.83672673135,low
18,Reward,17,343.111056772186,1116.09110391746,low
18,Reward,18,388.607967202061,1002.65048994718,low
18,Reward,19,315.22757455417,959.366820407921,low
18,Reward,20,332.5326718377,1003.56627354499,low
19,NoReward,1,376.808191794117,1757.99467506184,high
19,NoReward,2,452.251850544479,1751.82753059271,high
19,NoReward,3,423.10655783376,1689.82456537568,high
19,NoReward,4,382.801045069194,1706.96969364085,high
19,NoReward,5,392.356885658515,1583.51080675553,high
19,NoReward,6,345.62398034472,1575.32603914529,high
19,NoReward,7,357.129337178089,1553.28325493171,high
19,NoReward,8,339.672486696889,1567.16377154195,high
19,NoReward,9,288.668192133864,1570.89722906967,high
19,NoReward,10,283.954508571711,1522.87901997988,high
19,NoReward,11,273.699989679744,1464.01905452695,high
19,NoReward,12,286.921879323118,1442.13895943674,high
19,NoReward,13,286.517564717337,1380.49974220032,high
19,NoReward,14,267.007295537181,1317.94465861561,high
19,NoReward,15,230.136569256544,1263.20037239207,high
19,NoReward,16,244.397750933491,1384.03117954418,high
19,NoReward,17,241.056438036457,1238.85848291238,high
19,NoReward,18,254.627338168709,1250.64498608947,high
19,NoReward,19,238.21263148603,1188.8545544752,high
19,NoReward,20,NA,NA,high
19,Reward,1,439.589173638984,1759.43210963282,high
19,Reward,2,498.223548138496,1809.56993721914,high
19,Reward,3,474.101192287509,1802.95483126825,high
19,Reward,4,450.482109174966,1710.0243147662,high
19,Reward,5,444.945197563276,1761.77104136563,high
19,Reward,6,482.238441063756,1721.84804383432,high
19,Reward,7,521.394858995416,1721.72225763298,high
19,Reward,8,446.328004856677,1635.76258458601,high
19,Reward,9,503.44963304496,1632.7031015079,high
19,Reward,10,507.989130956671,1540.19718585362,high
19,Reward,11,485.695914048321,1508.30277223418,high
19,Reward,12,462.572100509588,1539.04948925604,high
19,Reward,13,450.385583656907,1497.74064251201,high
19,Reward,14,453.398606048794,1484.07215130604,high
19,Reward,15,476.103212990107,1409.31078862075,high
19,Reward,16,473.670306141856,1439.75841214584,high
19,Reward,17,506.126861561584,1536.66490204243,high
19,Reward,18,431.854013413301,1469.66465186293,high
19,Reward,19,447.91040493366,1407.80366495622,high
19,Reward,20,441.92097501989,1336.43619820815,high
20,NoReward,1,373.494981181404,1389.79667257921,high
20,NoReward,2,391.696460386221,1335.23358253297,high
20,NoReward,3,354.705772248293,1321.57818211669,high
20,NoReward,4,292.693300166435,1290.63883382105,high
20,NoReward,5,331.959783872933,1277.92122512696,high
20,NoReward,6,275.442498314335,1320.60032689586,high
20,NoReward,7,306.004634293226,1329.91647407761,high
20,NoReward,8,282.21720629254,1322.85970937957,high
20,NoReward,9,261.49067101029,1376.86960553114,high
20,NoReward,10,245.879736599062,1284.49657083998,high
20,NoReward,11,NA,NA,high
20,NoReward,12,NA,NA,high
20,NoReward,13,NA,NA,high
20,NoReward,14,NA,NA,high
20,NoReward,15,NA,NA,high
20,NoReward,16,NA,NA,high
20,NoReward,17,NA,NA,high
20,NoReward,18,NA,NA,high
20,NoReward,19,NA,NA,high
20,NoReward,20,NA,NA,high
20,Reward,1,427.047209591769,1386.30668613045,high
20,Reward,2,429.142528066788,1417.82268763765,high
20,Reward,3,425.781270224752,1468.65517278867,high
20,Reward,4,386.991638546996,1436.2502341832,high
20,Reward,5,406.623652632743,1431.00852544597,high
20,Reward,6,427.170943752469,1433.61768330063,high
20,Reward,7,393.514079276276,1442.37487762813,high
20,Reward,8,361.341229824575,1398.55089535568,high
20,Reward,9,332.165545091947,1472.91707569946,high
20,Reward,10,325.190127120735,1430.23787178642,high
20,Reward,11,344.795662664106,1495.25318121565,high
20,Reward,12,325.586251085425,1450.04098276968,high
20,Reward,13,290.957435259697,1377.6138205131,high
20,Reward,14,336.839574535095,1389.62238038397,high
20,Reward,15,312.456557079662,1409.59984935596,high
20,Reward,16,329.097577895059,1459.48052281106,high
20,Reward,17,290.487351119642,1461.98592090792,high
20,Reward,18,304.468773817472,1402.13938284543,high
20,Reward,19,267.295859477656,1413.98792749687,high
20,Reward,20,249.190853427347,1384.97293726371,high
