"subject_id","categorical_condition","trial_number","random_intercept","random_slope_trial","categorical_coded","fixed_categorical","interaction_term","random_error","dependent_variable"
1,"Hammer",1,-222.302541669106,-5.15874792309947,0.5,-25,-2,-11.0788820948539,1139.81016964208
1,"Hammer",2,-222.302541669106,-5.15874792309947,0.5,-25,-4,16.4222611209664,1156.41396839733
1,"Hammer",3,-222.302541669106,-5.15874792309947,0.5,-25,-6,-30.0180847436126,1073.54683179224
1,"Hammer",4,-222.302541669106,-5.15874792309947,0.5,-25,-8,9.6932857056653,1106.57662817046
1,"Hammer",5,-222.302541669106,-5.15874792309947,0.5,-25,-10,-61.3907466937324,990.557189916697
1,"Hammer",6,-222.302541669106,-5.15874792309947,0.5,-25,-12,0.675721730427693,1053.66052867673
1,"Hammer",7,-222.302541669106,-5.15874792309947,0.5,-25,-14,6.63906125709925,1041.29026286806
1,"Hammer",8,-222.302541669106,-5.15874792309947,0.5,-25,-16,-98.5966486770617,879.327750559985
1,"Hammer",9,-222.302541669106,-5.15874792309947,0.5,-25,-18,-7.46979991767365,981.525016827062
1,"Hammer",10,-222.302541669106,-5.15874792309947,0.5,-25,-20,-0.77585176779358,970.137613603893
1,"Hammer",11,-222.302541669106,-5.15874792309947,0.5,-25,-22,13.5280573029634,968.987628375269
1,"Hammer",12,-222.302541669106,-5.15874792309947,0.5,-25,-24,-37.2848438858076,880.238243881727
1,"Hammer",13,-222.302541669106,-5.15874792309947,0.5,-25,-26,-18.6784954695594,884.876181933385
1,"Hammer",14,-222.302541669106,-5.15874792309947,0.5,-25,-28,4.97275304192041,896.300850107917
1,"Hammer",15,-222.302541669106,-5.15874792309947,0.5,-25,-30,72.767845510889,967.110709241716
1,"Hammer",16,-222.302541669106,-5.15874792309947,0.5,-25,-32,4.92483951182059,855.451312036327
1,"Hammer",17,-222.302541669106,-5.15874792309947,0.5,-25,-34,12.3592120130446,845.059976159214
1,"Hammer",18,-222.302541669106,-5.15874792309947,0.5,-25,-36,20.6648895588113,835.840776911248
1,"Hammer",19,-222.302541669106,-5.15874792309947,0.5,-25,-38,-24.303012804302,754.954467770922
1,"Hammer",20,-222.302541669106,-5.15874792309947,0.5,-25,-40,-9.82561340144699,754.037873103192
1,"Spoon",1,-222.302541669106,-5.15874792309947,-0.5,25,2,22.1788221927914,1257.19495010613
1,"Spoon",2,-222.302541669106,-5.15874792309947,-0.5,25,4,-24.4635120976029,1179.43714749596
1,"Spoon",3,-222.302541669106,-5.15874792309947,-0.5,25,6,22.8243471631912,1228.04039505283
1,"Spoon",4,-222.302541669106,-5.15874792309947,-0.5,25,8,37.5751139042604,1232.87261409655
1,"Spoon",5,-222.302541669106,-5.15874792309947,-0.5,25,10,-51.6074993063781,1097.88684127219
1,"Spoon",6,-222.302541669106,-5.15874792309947,-0.5,25,12,-20.6801534228672,1124.48085438093
1,"Spoon",7,-222.302541669106,-5.15874792309947,-0.5,25,14,30.5306102717151,1178.36144998977
1,"Spoon",8,-222.302541669106,-5.15874792309947,-0.5,25,16,12.9130450752833,1139.64966831184
1,"Spoon",9,-222.302541669106,-5.15874792309947,-0.5,25,18,22.0025286557328,1136.86595835102
1,"Spoon",10,-222.302541669106,-5.15874792309947,-0.5,25,20,-3.96827689845798,1086.91685048437
1,"Spoon",11,-222.302541669106,-5.15874792309947,-0.5,25,22,15.0796651983921,1097.52991134454
1,"Spoon",12,-222.302541669106,-5.15874792309947,-0.5,25,24,-36.5286516793672,1013.09154361333
1,"Spoon",13,-222.302541669106,-5.15874792309947,-0.5,25,26,-31.2455682175508,1005.18721483802
1,"Spoon",14,-222.302541669106,-5.15874792309947,-0.5,25,28,12.018903612064,1048.37793803173
1,"Spoon",15,-222.302541669106,-5.15874792309947,-0.5,25,30,-39.9345018875591,963.475334478031
1,"Spoon",16,-222.302541669106,-5.15874792309947,-0.5,25,32,36.2865477469512,1051.00140527292
1,"Spoon",17,-222.302541669106,-5.15874792309947,-0.5,25,34,53.2313256888504,1058.78515192383
1,"Spoon",18,-222.302541669106,-5.15874792309947,-0.5,25,36,-5.249009390527,965.102095090062
1,"Spoon",19,-222.302541669106,-5.15874792309947,-0.5,25,38,29.8185871988474,997.265844695335
1,"Spoon",20,-222.302541669106,-5.15874792309947,-0.5,25,40,0.519897635028822,942.839849233841
2,"Hammer",1,-89.9758323817504,-2.65193601493708,0.5,-25,-2,-18.0334341832204,1311.84133682851
2,"Hammer",2,-89.9758323817504,-2.65193601493708,0.5,-25,-4,1.96900203952234,1321.72971127336
2,"Hammer",3,-89.9758323817504,-2.65193601493708,0.5,-25,-6,-31.5300550338283,1259.64437180571
2,"Hammer",4,-89.9758323817504,-2.65193601493708,0.5,-25,-8,2.42186162252705,1288.29850122492
2,"Hammer",5,-89.9758323817504,-2.65193601493708,0.5,-25,-10,-2.57437948069528,1264.55701715176
2,"Hammer",6,-89.9758323817504,-2.65193601493708,0.5,-25,-12,-36.4547496751615,1201.95871029199
2,"Hammer",7,-89.9758323817504,-2.65193601493708,0.5,-25,-14,-59.1690398275317,1154.38174584647
2,"Hammer",8,-89.9758323817504,-2.65193601493708,0.5,-25,-16,0.40446549447937,1217.50371492765
2,"Hammer",9,-89.9758323817504,-2.65193601493708,0.5,-25,-18,-3.27629366681878,1195.53190334608
2,"Hammer",10,-89.9758323817504,-2.65193601493708,0.5,-25,-20,-8.28300983958278,1171.7763275231
2,"Hammer",11,-89.9758323817504,-2.65193601493708,0.5,-25,-22,27.3574557998425,1202.702003659
2,"Hammer",12,-89.9758323817504,-2.65193601493708,0.5,-25,-24,44.6228388950069,1208.9083149196
2,"Hammer",13,-89.9758323817504,-2.65193601493708,0.5,-25,-26,-20.5408928030696,1104.22558064729
2,"Hammer",14,-89.9758323817504,-2.65193601493708,0.5,-25,-28,-12.1020506150103,1098.55785081209
2,"Hammer",15,-89.9758323817504,-2.65193601493708,0.5,-25,-30,29.0381765733075,1136.88216649841
2,"Hammer",16,-89.9758323817504,-2.65193601493708,0.5,-25,-32,14.6545114515909,1100.51210462195
2,"Hammer",17,-89.9758323817504,-2.65193601493708,0.5,-25,-34,-60.5982311368268,982.256971922124
2,"Hammer",18,-89.9758323817504,-2.65193601493708,0.5,-25,-36,-59.9315637813278,966.133603310993
2,"Hammer",19,-89.9758323817504,-2.65193601493708,0.5,-25,-38,26.6865577996863,1065.63776200184
2,"Hammer",20,-89.9758323817504,-2.65193601493708,0.5,-25,-40,-3.73163823130224,1007.69699864985
2,"Spoon",1,-89.9758323817504,-2.65193601493708,-0.5,25,2,-25.1211297609353,1374.95084217969
2,"Spoon",2,-89.9758323817504,-2.65193601493708,-0.5,25,4,-58.2526164668267,1318.7410445101
2,"Spoon",3,-89.9758323817504,-2.65193601493708,-0.5,25,6,31.9505942981991,1428.4491621056
2,"Spoon",4,-89.9758323817504,-2.65193601493708,-0.5,25,8,3.96725304782218,1379.16498698163
2,"Spoon",5,-89.9758323817504,-2.65193601493708,-0.5,25,10,21.7046344116072,1391.3873232945
2,"Spoon",6,-89.9758323817504,-2.65193601493708,-0.5,25,12,13.3486970457794,1368.50721775814
2,"Spoon",7,-89.9758323817504,-2.65193601493708,-0.5,25,14,37.8687946818765,1389.85410836768
2,"Spoon",8,-89.9758323817504,-2.65193601493708,-0.5,25,16,-11.1511513037085,1312.2701143485
2,"Spoon",9,-89.9758323817504,-2.65193601493708,-0.5,25,18,-25.6487145775663,1281.12789127431
2,"Spoon",10,-89.9758323817504,-2.65193601493708,-0.5,25,20,11.6037945841494,1319.60325602736
2,"Spoon",11,-89.9758323817504,-2.65193601493708,-0.5,25,22,-36.6680097606579,1243.02571115758
2,"Spoon",12,-89.9758323817504,-2.65193601493708,-0.5,25,24,47.2807756208559,1344.31996597081
2,"Spoon",13,-89.9758323817504,-2.65193601493708,-0.5,25,26,-66.524886322749,1179.58198243262
2,"Spoon",14,-89.9758323817504,-2.65193601493708,-0.5,25,28,-27.82336305382,1220.00665589431
2,"Spoon",15,-89.9758323817504,-2.65193601493708,-0.5,25,30,5.69159628106125,1253.4540237561
2,"Spoon",16,-89.9758323817504,-2.65193601493708,-0.5,25,32,-34.5359141307654,1187.69819010392
2,"Spoon",17,-89.9758323817504,-2.65193601493708,-0.5,25,34,3.77539953723327,1227.597928046
2,"Spoon",18,-89.9758323817504,-2.65193601493708,-0.5,25,36,-37.4153509648542,1160.54628071808
2,"Spoon",19,-89.9758323817504,-2.65193601493708,-0.5,25,38,20.5410053646872,1226.8738170862
2,"Spoon",20,-89.9758323817504,-2.65193601493708,-0.5,25,40,-32.7224276177521,1143.58120634837
3,"Hammer",1,48.4775209928773,8.65108831372842,0.5,-25,-2,-46.3893585780855,1475.15718012492
3,"Hammer",2,48.4775209928773,8.65108831372842,0.5,-25,-4,-10.7347334544907,1521.30747336697
3,"Hammer",3,48.4775209928773,8.65108831372842,0.5,-25,-6,31.7775458290688,1576.68313226168
3,"Hammer",4,48.4775209928773,8.65108831372842,0.5,-25,-8,-13.3431355701995,1514.16919120477
3,"Hammer",5,48.4775209928773,8.65108831372842,0.5,-25,-10,-46.1468234304077,1468.22487679988
3,"Hammer",6,48.4775209928773,8.65108831372842,0.5,-25,-12,-20.437990184052,1500.99543921378
3,"Hammer",7,48.4775209928773,8.65108831372842,0.5,-25,-14,28.4556354266364,1564.9557032593
3,"Hammer",8,48.4775209928773,8.65108831372842,0.5,-25,-16,-3.77897635750183,1519.77694727475
3,"Hammer",9,48.4775209928773,8.65108831372842,0.5,-25,-18,-11.2094121481488,1507.96639387309
3,"Hammer",10,48.4775209928773,8.65108831372842,0.5,-25,-20,32.6516002265038,1565.15645688369
3,"Hammer",11,48.4775209928773,8.65108831372842,0.5,-25,-22,-77.8320220012044,1414.71200559541
3,"Hammer",12,48.4775209928773,8.65108831372842,0.5,-25,-24,1.01538780601156,1518.96806255321
3,"Hammer",13,48.4775209928773,8.65108831372842,0.5,-25,-26,-13.8402346161276,1497.16866163651
3,"Hammer",14,48.4775209928773,8.65108831372842,0.5,-25,-28,-28.2880645515644,1475.91784988928
3,"Hammer",15,48.4775209928773,8.65108831372842,0.5,-25,-30,18.2565063740357,1536.71801167497
3,"Hammer",16,48.4775209928773,8.65108831372842,0.5,-25,-32,33.2435519891951,1555.06492293342
3,"Hammer",17,48.4775209928773,8.65108831372842,0.5,-25,-34,-3.84222335369483,1503.36006390745
3,"Hammer",18,48.4775209928773,8.65108831372842,0.5,-25,-36,-45.0944350151619,1446.0502417832
3,"Hammer",19,48.4775209928773,8.65108831372842,0.5,-25,-38,-11.1717184174167,1489.87065821092
3,"Hammer",20,48.4775209928773,8.65108831372842,0.5,-25,-40,-1.27640732359369,1501.36783460816
3,"Spoon",1,48.4775209928773,8.65108831372842,-0.5,25,2,-34.0504323513371,1564.40064985542
3,"Spoon",2,48.4775209928773,8.65108831372842,-0.5,25,4,-5.516295703185,1606.35305756265
3,"Spoon",3,48.4775209928773,8.65108831372842,-0.5,25,6,28.2127829809059,1655.29404164134
3,"Spoon",4,48.4775209928773,8.65108831372842,-0.5,25,8,-24.806451124494,1587.53551207189
3,"Spoon",5,48.4775209928773,8.65108831372842,-0.5,25,10,31.6830072679651,1667.09525007216
3,"Spoon",6,48.4775209928773,8.65108831372842,-0.5,25,12,-50.3147471091092,1560.35291651619
3,"Spoon",7,48.4775209928773,8.65108831372842,-0.5,25,14,4.53295665367652,1637.70405862966
3,"Spoon",8,48.4775209928773,8.65108831372842,-0.5,25,16,-5.63523352678106,1627.59156071838
3,"Spoon",9,48.4775209928773,8.65108831372842,-0.5,25,18,-2.76407272918517,1635.02045201105
3,"Spoon",10,48.4775209928773,8.65108831372842,-0.5,25,20,20.3946587733345,1669.74151254869
3,"Spoon",11,48.4775209928773,8.65108831372842,-0.5,25,22,54.5235412131792,1719.22033883261
3,"Spoon",12,48.4775209928773,8.65108831372842,-0.5,25,24,-43.3503540605531,1591.12038042295
3,"Spoon",13,48.4775209928773,8.65108831372842,-0.5,25,26,43.6732884585663,1711.7567033462
3,"Spoon",14,48.4775209928773,8.65108831372842,-0.5,25,28,11.8518795158104,1672.51487695324
3,"Spoon",15,48.4775209928773,8.65108831372842,-0.5,25,30,-16.4109565637514,1638.06027591444
3,"Spoon",16,48.4775209928773,8.65108831372842,-0.5,25,32,-46.4913975587821,1601.16051366363
3,"Spoon",17,48.4775209928773,8.65108831372842,-0.5,25,34,24.7085902552291,1700.50981959667
3,"Spoon",18,48.4775209928773,8.65108831372842,-0.5,25,36,37.0684731756084,1720.70356153903
3,"Spoon",19,48.4775209928773,8.65108831372842,-0.5,25,38,34.8941313914994,1721.34491220455
3,"Spoon",20,48.4775209928773,8.65108831372842,-0.5,25,40,7.68906548162401,1688.31329289743
4,"Hammer",1,-147.217455906532,1.25985161871709,0.5,-25,-2,13.2321390945651,1282.15904522902
4,"Hammer",2,-147.217455906532,1.25985161871709,0.5,-25,-4,15.7735571106179,1273.82010703418
4,"Hammer",3,-147.217455906532,1.25985161871709,0.5,-25,-6,-1.68564489591332,1238.57502445171
4,"Hammer",4,-147.217455906532,1.25985161871709,0.5,-25,-8,-1.1336106086689,1227.55983693114
4,"Hammer",5,-147.217455906532,1.25985161871709,0.5,-25,-10,-5.39858131412972,1210.06449871007
4,"Hammer",6,-147.217455906532,1.25985161871709,0.5,-25,-12,-30.8410170743173,1164.07984706358
4,"Hammer",7,-147.217455906532,1.25985161871709,0.5,-25,-14,-13.5524118733181,1175.57979122645
4,"Hammer",8,-147.217455906532,1.25985161871709,0.5,-25,-16,-7.68203245524497,1171.71919000529
4,"Hammer",9,-147.217455906532,1.25985161871709,0.5,-25,-18,-48.3630382635674,1105.23461558075
4,"Hammer",10,-147.217455906532,1.25985161871709,0.5,-25,-20,-22.8157412629752,1127.84469301758
4,"Hammer",11,-147.217455906532,1.25985161871709,0.5,-25,-22,28.1523518719974,1184.65249084847
4,"Hammer",12,-147.217455906532,1.25985161871709,0.5,-25,-24,-49.3906299890511,1068.57877123904
4,"Hammer",13,-147.217455906532,1.25985161871709,0.5,-25,-26,69.8451922328001,1217.22479077268
4,"Hammer",14,-147.217455906532,1.25985161871709,0.5,-25,-28,2.048719603566,1114.26271392084
4,"Hammer",15,-147.217455906532,1.25985161871709,0.5,-25,-30,-1.70035115166534,1097.46139811182
4,"Hammer",16,-147.217455906532,1.25985161871709,0.5,-25,-32,25.4732859803373,1122.2593348425
4,"Hammer",17,-147.217455906532,1.25985161871709,0.5,-25,-34,-12.1623341560189,1059.87161274121
4,"Hammer",18,-147.217455906532,1.25985161871709,0.5,-25,-36,16.932397317803,1087.25393144029
4,"Hammer",19,-147.217455906532,1.25985161871709,0.5,-25,-38,-5.81370506333678,1044.89656410458
4,"Hammer",20,-147.217455906532,1.25985161871709,0.5,-25,-40,-2.30577678533256,1037.85783883468
4,"Spoon",1,-147.217455906532,1.25985161871709,-0.5,25,2,20.3090246633127,1364.32367312572
4,"Spoon",2,-147.217455906532,1.25985161871709,-0.5,25,4,6.03082026166464,1338.73893898176
4,"Spoon",3,-147.217455906532,1.25985161871709,-0.5,25,6,12.1127599080668,1340.54400449856
4,"Spoon",4,-147.217455906532,1.25985161871709,-0.5,25,8,0.833729266199004,1318.99395538601
4,"Spoon",5,-147.217455906532,1.25985161871709,-0.5,25,10,20.5160445366432,1339.09513721586
4,"Spoon",6,-147.217455906532,1.25985161871709,-0.5,25,12,68.9968643029985,1397.93795401701
4,"Spoon",7,-147.217455906532,1.25985161871709,-0.5,25,14,-3.1464189716202,1294.50932476383
4,"Spoon",8,-147.217455906532,1.25985161871709,-0.5,25,16,-9.1209900288309,1280.09518220428
4,"Spoon",9,-147.217455906532,1.25985161871709,-0.5,25,18,-27.1710488198554,1249.43630242407
4,"Spoon",10,-147.217455906532,1.25985161871709,-0.5,25,20,-0.434522597879767,1279.02727097995
4,"Spoon",11,-147.217455906532,1.25985161871709,-0.5,25,22,50.239722818796,1340.82082766738
4,"Spoon",12,-147.217455906532,1.25985161871709,-0.5,25,24,-2.46303926276694,1263.54486116168
4,"Spoon",13,-147.217455906532,1.25985161871709,-0.5,25,26,-0.359416092810526,1259.99803471642
4,"Spoon",14,-147.217455906532,1.25985161871709,-0.5,25,28,21.3299169760826,1282.79918837778
4,"Spoon",15,-147.217455906532,1.25985161871709,-0.5,25,30,13.4616663778063,1265.83754403587
4,"Spoon",16,-147.217455906532,1.25985161871709,-0.5,25,32,24.4962524261238,1274.30523396332
4,"Spoon",17,-147.217455906532,1.25985161871709,-0.5,25,34,47.6923313092547,1299.13336080789
4,"Spoon",18,-147.217455906532,1.25985161871709,-0.5,25,36,-18.9953997047427,1203.04389787419
4,"Spoon",19,-147.217455906532,1.25985161871709,-0.5,25,38,45.6179178995191,1283.58920768153
4,"Spoon",20,-147.217455906532,1.25985161871709,-0.5,25,40,16.8029809611984,1238.44870856057
5,"Hammer",1,-6.24119779030194,12.9376777108614,0.5,-25,-2,-14.9652297236699,1449.58637250763
5,"Hammer",2,-6.24119779030194,12.9376777108614,0.5,-25,-4,-24.1303777459023,1441.20877145435
5,"Hammer",3,-6.24119779030194,12.9376777108614,0.5,-25,-6,-24.3368420128149,1444.88297871359
5,"Hammer",4,-6.24119779030194,12.9376777108614,0.5,-25,-8,4.41246894623132,1487.51039183373
5,"Hammer",5,-6.24119779030194,12.9376777108614,0.5,-25,-10,10.9165147866612,1500.21201692596
5,"Hammer",6,-6.24119779030194,12.9376777108614,0.5,-25,-12,-16.5560205648338,1467.20611903563
5,"Hammer",7,-6.24119779030194,12.9376777108614,0.5,-25,-14,-14.4026161766564,1474.05497621562
5,"Hammer",8,-6.24119779030194,12.9376777108614,0.5,-25,-16,-13.3910519134226,1479.36775525231
5,"Hammer",9,-6.24119779030194,12.9376777108614,0.5,-25,-18,-15.0391376904618,1481.10259880882
5,"Hammer",10,-6.24119779030194,12.9376777108614,0.5,-25,-20,10.0869545507414,1518.85582073588
5,"Hammer",11,-6.24119779030194,12.9376777108614,0.5,-25,-22,-14.1668779944096,1490.17993273277
5,"Hammer",12,-6.24119779030194,12.9376777108614,0.5,-25,-24,8.93126201807164,1525.2050204612
5,"Hammer",13,-6.24119779030194,12.9376777108614,0.5,-25,-26,52.3687124302195,1587.59188106169
5,"Hammer",14,-6.24119779030194,12.9376777108614,0.5,-25,-28,5.02177489639986,1527.84963529157
5,"Hammer",15,-6.24119779030194,12.9376777108614,0.5,-25,-30,46.0066987593278,1586.93719650167
5,"Hammer",16,-6.24119779030194,12.9376777108614,0.5,-25,-32,-18.7305337874651,1503.80038656134
5,"Hammer",17,-6.24119779030194,12.9376777108614,0.5,-25,-34,-24.9274453940884,1499.41585159725
5,"Hammer",18,-6.24119779030194,12.9376777108614,0.5,-25,-36,-25.407829644509,1502.72156374891
5,"Hammer",19,-6.24119779030194,12.9376777108614,0.5,-25,-38,-12.8782556128966,1523.52912412418
5,"Hammer",20,-6.24119779030194,12.9376777108614,0.5,-25,-40,0.666293489921475,1545.70209546095
5,"Spoon",1,-6.24119779030194,12.9376777108614,-0.5,25,2,10.5321834665862,1556.53150097486
5,"Spoon",2,-6.24119779030194,12.9376777108614,-0.5,25,4,33.6427567759817,1596.95437684739
5,"Spoon",3,-6.24119779030194,12.9376777108614,-0.5,25,6,53.2428395755017,1632.65471089754
5,"Spoon",4,-6.24119779030194,12.9376777108614,-0.5,25,8,-27.6015779254184,1533.23052255916
5,"Spoon",5,-6.24119779030194,12.9376777108614,-0.5,25,10,30.9425154650235,1621.32089105871
5,"Spoon",6,-6.24119779030194,12.9376777108614,-0.5,25,12,-41.3211616658376,1533.44007683018
5,"Spoon",7,-6.24119779030194,12.9376777108614,-0.5,25,14,60.9140915067236,1680.30665587885
5,"Spoon",8,-6.24119779030194,12.9376777108614,-0.5,25,16,-45.1302753212941,1546.98184474028
5,"Spoon",9,-6.24119779030194,12.9376777108614,-0.5,25,18,-23.9606546351841,1584.79362398317
5,"Spoon",10,-6.24119779030194,12.9376777108614,-0.5,25,20,-1.17796358769254,1624.7754111559
5,"Spoon",11,-6.24119779030194,12.9376777108614,-0.5,25,22,-16.2439945077987,1613.84061789276
5,"Spoon",12,-6.24119779030194,12.9376777108614,-0.5,25,24,23.1180058883208,1676.1259781886
5,"Spoon",13,-6.24119779030194,12.9376777108614,-0.5,25,26,2.15076416655391,1657.25248953942
5,"Spoon",14,-6.24119779030194,12.9376777108614,-0.5,25,28,55.1630020504081,1737.90104359404
5,"Spoon",15,-6.24119779030194,12.9376777108614,-0.5,25,30,29.4766592994055,1712.67911107017
5,"Spoon",16,-6.24119779030194,12.9376777108614,-0.5,25,32,3.32190934267769,1686.82704648563
5,"Spoon",17,-6.24119779030194,12.9376777108614,-0.5,25,34,-48.6370051939528,1626.26152915788
5,"Spoon",18,-6.24119779030194,12.9376777108614,-0.5,25,36,-27.5110353678507,1664.01458640412
5,"Spoon",19,-6.24119779030194,12.9376777108614,-0.5,25,38,-14.3843928682599,1691.00642445776
5,"Spoon",20,-6.24119779030194,12.9376777108614,-0.5,25,40,-22.3706707777053,1689.59577877197
6,"Hammer",1,107.676607916247,0.778507788753656,0.5,-25,-2,37.4265663120167,1656.95963250074
6,"Hammer",2,107.676607916247,0.778507788753656,0.5,-25,-4,-10.7310524670915,1579.76949322522
6,"Hammer",3,107.676607916247,0.778507788753656,0.5,-25,-6,-16.6456120723204,1559.40748468885
6,"Hammer",4,107.676607916247,0.778507788753656,0.5,-25,-8,-23.8761494089791,1537.27513669236
6,"Hammer",5,107.676607916247,0.778507788753656,0.5,-25,-10,34.1910705497116,1602.98560976806
6,"Hammer",6,107.676607916247,0.778507788753656,0.5,-25,-12,-3.08029704913503,1540.44036878896
6,"Hammer",7,107.676607916247,0.778507788753656,0.5,-25,-14,-39.6992078682569,1478.77285541542
6,"Hammer",8,107.676607916247,0.778507788753656,0.5,-25,-16,-6.89300173041218,1510.50055773331
6,"Hammer",9,107.676607916247,0.778507788753656,0.5,-25,-18,-2.84601920582438,1503.53946829672
6,"Hammer",10,107.676607916247,0.778507788753656,0.5,-25,-20,-27.3425336786144,1458.17979668259
6,"Hammer",11,107.676607916247,0.778507788753656,0.5,-25,-22,39.0860540762372,1535.13852950961
6,"Hammer",12,107.676607916247,0.778507788753656,0.5,-25,-24,19.6220292350855,1496.54889264965
6,"Hammer",13,107.676607916247,0.778507788753656,0.5,-25,-26,41.2262406102757,1513.20693771827
6,"Hammer",14,107.676607916247,0.778507788753656,0.5,-25,-28,18.721566694008,1470.52682051547
6,"Hammer",15,107.676607916247,0.778507788753656,0.5,-25,-30,36.0843165123069,1481.47897361996
6,"Hammer",16,107.676607916247,0.778507788753656,0.5,-25,-32,30.7527674542204,1461.90126906733
6,"Hammer",17,107.676607916247,0.778507788753656,0.5,-25,-34,29.7649534080836,1448.16704143096
6,"Hammer",18,107.676607916247,0.778507788753656,0.5,-25,-36,9.34048667908712,1408.28535522048
6,"Hammer",19,107.676607916247,0.778507788753656,0.5,-25,-38,-53.7494245190212,1311.0073178993
6,"Hammer",20,107.676607916247,0.778507788753656,0.5,-25,-40,12.5021461191244,1387.72791570371
6,"Spoon",1,107.676607916247,0.778507788753656,-0.5,25,2,-16.3728918040016,1657.2294145815
6,"Spoon",2,107.676607916247,0.778507788753656,-0.5,25,4,15.2983825268757,1692.81139433654
6,"Spoon",3,107.676607916247,0.778507788753656,-0.5,25,6,23.2364062351483,1696.4658504789
6,"Spoon",4,107.676607916247,0.778507788753656,-0.5,25,8,-2.93346220156545,1654.23613554185
6,"Spoon",5,107.676607916247,0.778507788753656,-0.5,25,10,-31.6370146233459,1608.59794291472
6,"Spoon",6,107.676607916247,0.778507788753656,-0.5,25,12,-31.1894173123947,1602.17578673488
6,"Spoon",7,107.676607916247,0.778507788753656,-0.5,25,14,48.2303069036259,1701.9921094975
6,"Spoon",8,107.676607916247,0.778507788753656,-0.5,25,16,53.5673405437291,1702.14754339725
6,"Spoon",9,107.676607916247,0.778507788753656,-0.5,25,18,26.978966512465,1659.35482731618
6,"Spoon",10,107.676607916247,0.778507788753656,-0.5,25,20,42.1136372024542,1672.69068446401
6,"Spoon",11,107.676607916247,0.778507788753656,-0.5,25,22,-29.1018028620114,1569.8627154293
6,"Spoon",12,107.676607916247,0.778507788753656,-0.5,25,24,19.4083282372415,1628.09742850066
6,"Spoon",13,107.676607916247,0.778507788753656,-0.5,25,26,-30.5475478271126,1553.86921777139
6,"Spoon",14,107.676607916247,0.778507788753656,-0.5,25,28,27.3681168756377,1624.75687084624
6,"Spoon",15,107.676607916247,0.778507788753656,-0.5,25,30,-28.413719090354,1542.69119717167
6,"Spoon",16,107.676607916247,0.778507788753656,-0.5,25,32,-27.422525120931,1537.00032283034
6,"Spoon",17,107.676607916247,0.778507788753656,-0.5,25,34,-19.2952897716164,1540.90931886836
6,"Spoon",18,107.676607916247,0.778507788753656,-0.5,25,36,-19.8750433008489,1533.1051030318
6,"Spoon",19,107.676607916247,0.778507788753656,-0.5,25,38,17.0825160770285,1575.79853976108
6,"Spoon",20,107.676607916247,0.778507788753656,-0.5,25,40,78.3467620269903,1651.19092371074
7,"Hammer",1,50.3167459830682,2.18722071916661,0.5,-25,-2,11.0032688128749,1546.1441303349
7,"Hammer",2,50.3167459830682,2.18722071916661,0.5,-25,-4,-60.1729277016187,1439.88298516141
7,"Hammer",3,50.3167459830682,2.18722071916661,0.5,-25,-6,10.8156652001356,1524.8712285844
7,"Hammer",4,50.3167459830682,2.18722071916661,0.5,-25,-8,18.2226607193154,1524.32534168345
7,"Hammer",5,50.3167459830682,2.18722071916661,0.5,-25,-10,18.4342767770622,1514.09975892835
7,"Hammer",6,50.3167459830682,2.18722071916661,0.5,-25,-12,-39.7926929850991,1425.25876194592
7,"Hammer",7,50.3167459830682,2.18722071916661,0.5,-25,-14,-27.2700235242251,1431.59481478282
7,"Hammer",8,50.3167459830682,2.18722071916661,0.5,-25,-16,21.3492912391321,1486.49043973903
7,"Hammer",9,50.3167459830682,2.18722071916661,0.5,-25,-18,-22.3264820499855,1417.22466556841
7,"Hammer",10,50.3167459830682,2.18722071916661,0.5,-25,-20,-21.7738146460719,1407.45788742803
7,"Hammer",11,50.3167459830682,2.18722071916661,0.5,-25,-22,-13.0314992557624,1408.70836030071
7,"Hammer",12,50.3167459830682,2.18722071916661,0.5,-25,-24,37.4337299825276,1466.087230343
7,"Hammer",13,50.3167459830682,2.18722071916661,0.5,-25,-26,-28.5349054584819,1366.83163749701
7,"Hammer",14,50.3167459830682,2.18722071916661,0.5,-25,-28,-5.53271268232682,1387.26543165974
7,"Hammer",15,50.3167459830682,2.18722071916661,0.5,-25,-30,15.1136733911223,1404.53004030618
7,"Hammer",16,50.3167459830682,2.18722071916661,0.5,-25,-32,59.1855514579535,1453.30815549459
7,"Hammer",17,50.3167459830682,2.18722071916661,0.5,-25,-34,14.8358822930082,1383.13581244176
7,"Hammer",18,50.3167459830682,2.18722071916661,0.5,-25,-36,33.5111219504106,1397.7487057904
7,"Hammer",19,50.3167459830682,2.18722071916661,0.5,-25,-38,12.9885139597656,1359.63008645037
7,"Hammer",20,50.3167459830682,2.18722071916661,0.5,-25,-40,-40.6917521007824,1276.90561316296
7,"Spoon",1,50.3167459830682,2.18722071916661,-0.5,25,2,5.81619747980022,1611.81047993866
7,"Spoon",2,50.3167459830682,2.18722071916661,-0.5,25,4,-17.0199241432035,1575.96063254991
7,"Spoon",3,50.3167459830682,2.18722071916661,-0.5,25,6,-48.1834458693396,1528.90822097587
7,"Spoon",4,50.3167459830682,2.18722071916661,-0.5,25,8,-4.78786455567764,1582.15759952311
7,"Spoon",5,50.3167459830682,2.18722071916661,-0.5,25,10,27.383418177565,1620.30731626418
7,"Spoon",6,50.3167459830682,2.18722071916661,-0.5,25,12,-22.0754553277596,1548.64279886356
7,"Spoon",7,50.3167459830682,2.18722071916661,-0.5,25,14,6.42174043636714,1581.84989310733
7,"Spoon",8,50.3167459830682,2.18722071916661,-0.5,25,16,69.4889702715116,1661.56286202645
7,"Spoon",9,50.3167459830682,2.18722071916661,-0.5,25,18,-5.84781387206201,1555.08568385349
7,"Spoon",10,50.3167459830682,2.18722071916661,-0.5,25,20,17.456182572736,1581.30654614236
7,"Spoon",11,50.3167459830682,2.18722071916661,-0.5,25,22,44.8260224424348,1612.99704737864
7,"Spoon",12,50.3167459830682,2.18722071916661,-0.5,25,24,12.7869764637545,1564.76682322043
7,"Spoon",13,50.3167459830682,2.18722071916661,-0.5,25,26,-33.0636704293341,1497.95632865023
7,"Spoon",14,50.3167459830682,2.18722071916661,-0.5,25,28,17.6052656501451,1560.99030053959
7,"Spoon",15,50.3167459830682,2.18722071916661,-0.5,25,30,-12.200464406603,1515.76447927444
7,"Spoon",16,50.3167459830682,2.18722071916661,-0.5,25,32,-55.1301560597379,1452.88344505833
7,"Spoon",17,50.3167459830682,2.18722071916661,-0.5,25,34,21.4600941030705,1550.78846687792
7,"Spoon",18,50.3167459830682,2.18722071916661,-0.5,25,36,0.0461558017977539,1516.85183366737
7,"Spoon",19,50.3167459830682,2.18722071916661,-0.5,25,38,30.7672886460404,1553.05071377173
7,"Spoon",20,50.3167459830682,2.18722071916661,-0.5,25,40,27.955994468342,1544.13957618158
8,"Hammer",1,-72.9392184559496,-7.90218448047041,0.5,-25,-2,-15.119433192618,1331.6172328673
8,"Hammer",2,-72.9392184559496,-7.90218448047041,0.5,-25,-4,26.8861181914402,1364.0426611492
8,"Hammer",3,-72.9392184559496,-7.90218448047041,0.5,-25,-6,23.9167045075217,1335.96481990341
8,"Hammer",4,-72.9392184559496,-7.90218448047041,0.5,-25,-8,-26.756908842378,1243.7121639439
8,"Hammer",5,-72.9392184559496,-7.90218448047041,0.5,-25,-10,-0.585131510203127,1254.83696202734
8,"Hammer",6,-72.9392184559496,-7.90218448047041,0.5,-25,-12,-0.0688469455759436,1231.44831042973
8,"Hammer",7,-72.9392184559496,-7.90218448047041,0.5,-25,-14,-18.7342458801079,1182.25520150813
8,"Hammer",8,-72.9392184559496,-7.90218448047041,0.5,-25,-16,-16.4031474080955,1161.30795647559
8,"Hammer",9,-72.9392184559496,-7.90218448047041,0.5,-25,-18,-9.24076087504989,1146.86007666282
8,"Hammer",10,-72.9392184559496,-7.90218448047041,0.5,-25,-20,58.9076573218797,1214.45460212167
8,"Hammer",11,-72.9392184559496,-7.90218448047041,0.5,-25,-22,6.46369625133891,1119.82035842467
8,"Hammer",12,-72.9392184559496,-7.90218448047041,0.5,-25,-24,12.4393554354218,1103.77601523406
8,"Hammer",13,-72.9392184559496,-7.90218448047041,0.5,-25,-26,17.2441685777337,1086.15657324052
8,"Hammer",14,-72.9392184559496,-7.90218448047041,0.5,-25,-28,57.4432742867716,1116.15185245176
8,"Hammer",15,-72.9392184559496,-7.90218448047041,0.5,-25,-30,-1.40819562577282,1012.89780807492
8,"Hammer",16,-72.9392184559496,-7.90218448047041,0.5,-25,-32,2.52750940776102,994.109184914156
8,"Hammer",17,-72.9392184559496,-7.90218448047041,0.5,-25,-34,0.452797036792101,967.234954490572
8,"Hammer",18,-72.9392184559496,-7.90218448047041,0.5,-25,-36,-35.0466549372823,895.395574543406
8,"Hammer",19,-72.9392184559496,-7.90218448047041,0.5,-25,-38,-47.2842914735369,854.849512712453
8,"Hammer",20,-72.9392184559496,-7.90218448047041,0.5,-25,-40,7.30109161380419,904.198154764639
8,"Spoon",1,-72.9392184559496,-7.90218448047041,-0.5,25,2,63.472297188297,1509.98831527401
8,"Spoon",2,-72.9392184559496,-7.90218448047041,-0.5,25,4,-16.2093015788004,1384.09327894235
8,"Spoon",3,-72.9392184559496,-7.90218448047041,-0.5,25,6,-31.2547946693509,1345.15096657739
8,"Spoon",4,-72.9392184559496,-7.90218448047041,-0.5,25,8,-31.292068368497,1326.39869419571
8,"Spoon",5,-72.9392184559496,-7.90218448047041,-0.5,25,10,-52.2530181795404,1279.49852190139
8,"Spoon",6,-72.9392184559496,-7.90218448047041,-0.5,25,12,-37.0384217185395,1281.26406447978
8,"Spoon",7,-72.9392184559496,-7.90218448047041,-0.5,25,14,-17.6014340442465,1288.7098443467
8,"Spoon",8,-72.9392184559496,-7.90218448047041,-0.5,25,16,-45.2986464219328,1232.74761032397
8,"Spoon",9,-72.9392184559496,-7.90218448047041,-0.5,25,18,1.15658461856815,1276.54010125736
8,"Spoon",10,-72.9392184559496,-7.90218448047041,-0.5,25,20,-49.2337490328838,1190.04959376569
8,"Spoon",11,-72.9392184559496,-7.90218448047041,-0.5,25,22,17.0799227943316,1260.55696026379
8,"Spoon",12,-72.9392184559496,-7.90218448047041,-0.5,25,24,-49.0547599770071,1152.88612285083
8,"Spoon",13,-72.9392184559496,-7.90218448047041,-0.5,25,26,-11.4548840851785,1184.7658098829
8,"Spoon",14,-72.9392184559496,-7.90218448047041,-0.5,25,28,-0.235720413886569,1181.15643451327
8,"Spoon",15,-72.9392184559496,-7.90218448047041,-0.5,25,30,9.03222387244251,1174.92215099358
8,"Spoon",16,-72.9392184559496,-7.90218448047041,-0.5,25,32,-14.3496209377817,1124.76523214231
8,"Spoon",17,-72.9392184559496,-7.90218448047041,-0.5,25,34,-26.3010545307812,1089.98525131963
8,"Spoon",18,-72.9392184559496,-7.90218448047041,-0.5,25,36,-8.85264075229841,1094.75587130122
8,"Spoon",19,-72.9392184559496,-7.90218448047041,-0.5,25,38,14.3374530517674,1107.25057541727
8,"Spoon",20,-72.9392184559496,-7.90218448047041,-0.5,25,40,-14.4553514013969,1049.81447915729
9,"Hammer",1,-87.9428525319916,-1.52438624824812,0.5,-25,-2,-19.996186659167,1313.45266510984
9,"Hammer",2,-87.9428525319916,-1.52438624824812,0.5,-25,-4,24.2899104122901,1357.52586488062
9,"Hammer",3,-87.9428525319916,-1.52438624824812,0.5,-25,-6,21.227841796424,1337.9032101712
9,"Hammer",4,-87.9428525319916,-1.52438624824812,0.5,-25,-8,-12.8113332246304,1276.60812247183
9,"Hammer",5,-87.9428525319916,-1.52438624824812,0.5,-25,-10,9.54142346635602,1291.1751558081
9,"Hammer",6,-87.9428525319916,-1.52438624824812,0.5,-25,-12,-27.6802285276255,1225.59879158594
9,"Hammer",7,-87.9428525319916,-1.52438624824812,0.5,-25,-14,-42.1275209413411,1190.65998792492
9,"Hammer",8,-87.9428525319916,-1.52438624824812,0.5,-25,-16,43.1656304873783,1289.89856377912
9,"Hammer",9,-87.9428525319916,-1.52438624824812,0.5,-25,-18,34.2153165562444,1262.35465570539
9,"Hammer",10,-87.9428525319916,-1.52438624824812,0.5,-25,-20,-38.904218302872,1148.4861076165
9,"Hammer",11,-87.9428525319916,-1.52438624824812,0.5,-25,-22,-40.743291955992,1130.50870585503
9,"Hammer",12,-87.9428525319916,-1.52438624824812,0.5,-25,-24,-0.64508066362023,1168.94808730799
9,"Hammer",13,-87.9428525319916,-1.52438624824812,0.5,-25,-26,15.6080912565299,1175.30955959848
9,"Hammer",14,-87.9428525319916,-1.52438624824812,0.5,-25,-28,-5.75983624808592,1131.06066421033
9,"Hammer",15,-87.9428525319916,-1.52438624824812,0.5,-25,-30,29.3168466643462,1162.74475670302
9,"Hammer",16,-87.9428525319916,-1.52438624824812,0.5,-25,-32,51.9659898777586,1177.7105086069
9,"Hammer",17,-87.9428525319916,-1.52438624824812,0.5,-25,-34,6.49047755122024,1101.03051071677
9,"Hammer",18,-87.9428525319916,-1.52438624824812,0.5,-25,-36,35.4317547312731,1124.46085345942
9,"Hammer",19,-87.9428525319916,-1.52438624824812,0.5,-25,-38,26.8582913603507,1097.42390944851
9,"Hammer",20,-87.9428525319916,-1.52438624824812,0.5,-25,-40,63.7931738824611,1131.6077737954
9,"Spoon",1,-87.9428525319916,-1.52438624824812,-0.5,25,2,5.22275819101465,1420.02317972225
9,"Spoon",2,-87.9428525319916,-1.52438624824812,-0.5,25,4,34.8052091948953,1449.6971335575
9,"Spoon",3,-87.9428525319916,-1.52438624824812,-0.5,25,6,-44.4974940389245,1332.89164434149
9,"Spoon",4,-87.9428525319916,-1.52438624824812,-0.5,25,8,23.236655675187,1413.88976277621
9,"Spoon",5,-87.9428525319916,-1.52438624824812,-0.5,25,10,26.5102572402448,1408.17132873179
9,"Spoon",6,-87.9428525319916,-1.52438624824812,-0.5,25,12,-11.5484637701262,1346.84994648704
9,"Spoon",7,-87.9428525319916,-1.52438624824812,-0.5,25,14,-13.2451563332122,1334.44514715446
9,"Spoon",8,-87.9428525319916,-1.52438624824812,-0.5,25,16,43.8199391740571,1401.09055489098
9,"Spoon",9,-87.9428525319916,-1.52438624824812,-0.5,25,18,36.0614449486141,1380.5310228255
9,"Spoon",10,-87.9428525319916,-1.52438624824812,-0.5,25,20,-45.3881205358156,1260.83743385908
9,"Spoon",11,-87.9428525319916,-1.52438624824812,-0.5,25,22,-14.1051663263242,1292.79901601436
9,"Spoon",12,-87.9428525319916,-1.52438624824812,-0.5,25,24,57.363643213526,1378.82124352152
9,"Spoon",13,-87.9428525319916,-1.52438624824812,-0.5,25,26,16.9611045185725,1314.34680417312
9,"Spoon",14,-87.9428525319916,-1.52438624824812,-0.5,25,28,11.3709886730758,1296.70431676485
9,"Spoon",15,-87.9428525319916,-1.52438624824812,-0.5,25,30,8.3050807678062,1282.45755925032
9,"Spoon",16,-87.9428525319916,-1.52438624824812,-0.5,25,32,44.6511610272814,1321.23039027687
9,"Spoon",17,-87.9428525319916,-1.52438624824812,-0.5,25,34,58.4188340115704,1329.62926862082
9,"Spoon",18,-87.9428525319916,-1.52438624824812,-0.5,25,36,-12.2505625430847,1224.43786915752
9,"Spoon",19,-87.9428525319916,-1.52438624824812,-0.5,25,38,-16.2892307932454,1208.88249069701
9,"Spoon",20,-87.9428525319916,-1.52438624824812,-0.5,25,40,-17.8647538236921,1196.64069655811
10,"Hammer",1,-165.358849970498,20.9287079646111,0.5,-25,-2,13.3726748421714,1284.40294545662
10,"Hammer",2,-165.358849970498,20.9287079646111,0.5,-25,-4,-0.80770866194155,1280.02857848856
10,"Hammer",3,-165.358849970498,20.9287079646111,0.5,-25,-6,26.819723328666,1331.89682394761
10,"Hammer",4,-165.358849970498,20.9287079646111,0.5,-25,-8,32.36882818529,1354.06385729256
10,"Hammer",5,-165.358849970498,20.9287079646111,0.5,-25,-10,6.34005302313931,1333.7502576231
10,"Hammer",6,-165.358849970498,20.9287079646111,0.5,-25,-12,23.947159163347,1372.13850427023
10,"Hammer",7,-165.358849970498,20.9287079646111,0.5,-25,-14,-27.9354099129022,1317.04468722575
10,"Hammer",8,-165.358849970498,20.9287079646111,0.5,-25,-16,-20.0746440739014,1342.32151837182
10,"Hammer",9,-165.358849970498,20.9287079646111,0.5,-25,-18,-30.3222139590102,1343.23782994087
10,"Hammer",10,-165.358849970498,20.9287079646111,0.5,-25,-20,-9.2021731711657,1386.35190642463
10,"Hammer",11,-165.358849970498,20.9287079646111,0.5,-25,-22,16.1990660188264,1435.22533148009
10,"Hammer",12,-165.358849970498,20.9287079646111,0.5,-25,-24,-1.74845974027403,1425.78315794768
10,"Hammer",13,-165.358849970498,20.9287079646111,0.5,-25,-26,-25.7878776543462,1408.14577198034
10,"Hammer",14,-165.358849970498,20.9287079646111,0.5,-25,-28,32.7761580348037,1501.63196353484
10,"Hammer",15,-165.358849970498,20.9287079646111,0.5,-25,-30,-41.4019237361753,1416.54476213113
10,"Hammer",16,-165.358849970498,20.9287079646111,0.5,-25,-32,-7.34856003676185,1477.0575919174
10,"Hammer",17,-165.358849970498,20.9287079646111,0.5,-25,-34,-7.72001508198724,1491.25990019909
10,"Hammer",18,-165.358849970498,20.9287079646111,0.5,-25,-36,-4.43702423853394,1510.3784085099
10,"Hammer",19,-165.358849970498,20.9287079646111,0.5,-25,-38,59.3868679444467,1610.94050361747
10,"Hammer",20,-165.358849970498,20.9287079646111,0.5,-25,-40,5.48630092635003,1553.13194353322
10,"Spoon",1,-165.358849970498,20.9287079646111,-0.5,25,2,-4.41475914909187,1333.11846170448
10,"Spoon",2,-165.358849970498,20.9287079646111,-0.5,25,4,26.8834959303123,1395.30600093372
10,"Spoon",3,-165.358849970498,20.9287079646111,-0.5,25,6,35.8388031011376,1427.43634284635
10,"Spoon",4,-165.358849970498,20.9287079646111,-0.5,25,8,-42.8574569371412,1341.6520540892
10,"Spoon",5,-165.358849970498,20.9287079646111,-0.5,25,10,43.8022775911382,1478.31548245997
10,"Spoon",6,-165.358849970498,20.9287079646111,-0.5,25,12,13.1214023203654,1457.12463500229
10,"Spoon",7,-165.358849970498,20.9287079646111,-0.5,25,14,56.9902463262208,1536.22295401289
10,"Spoon",8,-165.358849970498,20.9287079646111,-0.5,25,16,-46.1766095052702,1417.51921661265
10,"Spoon",9,-165.358849970498,20.9287079646111,-0.5,25,18,30.8335557011725,1541.20141214372
10,"Spoon",10,-165.358849970498,20.9287079646111,-0.5,25,20,10.902191594218,1534.47151135386
10,"Spoon",11,-165.358849970498,20.9287079646111,-0.5,25,22,-2.47371044398131,1536.56044761758
10,"Spoon",12,-165.358849970498,20.9287079646111,-0.5,25,24,-46.3951239780803,1497.55756063909
10,"Spoon",13,-165.358849970498,20.9287079646111,-0.5,25,26,-3.70885059999876,1575.06500816553
10,"Spoon",14,-165.358849970498,20.9287079646111,-0.5,25,28,7.70327827588394,1610.50042759357
10,"Spoon",15,-165.358849970498,20.9287079646111,-0.5,25,30,-32.6061640508854,1576.35660092015
10,"Spoon",16,-165.358849970498,20.9287079646111,-0.5,25,32,11.1118243296843,1655.25197906036
10,"Spoon",17,-165.358849970498,20.9287079646111,-0.5,25,34,-17.3324604895158,1637.06993960754
10,"Spoon",18,-165.358849970498,20.9287079646111,-0.5,25,36,-16.2597766137762,1658.59606023646
10,"Spoon",19,-165.358849970498,20.9287079646111,-0.5,25,38,7.5331177793836,1710.68689655963
10,"Spoon",20,-165.358849970498,20.9287079646111,-0.5,25,40,32.9925969464274,1765.01973190631
11,"Hammer",1,88.6838520961184,-8.27379613332911,0.5,-25,-2,-9.68575052869923,1555.85300561358
11,"Hammer",2,88.6838520961184,-8.27379613332911,0.5,-25,-4,0.214906740869246,1544.58891065095
11,"Hammer",3,88.6838520961184,-8.27379613332911,0.5,-25,-6,-6.33099666660661,1511.1998247752
11,"Hammer",4,88.6838520961184,-8.27379613332911,0.5,-25,-8,5.84411862047363,1502.995479748
11,"Hammer",5,88.6838520961184,-8.27379613332911,0.5,-25,-10,-15.6024752340802,1449.5610088696
11,"Hammer",6,88.6838520961184,-8.27379613332911,0.5,-25,-12,-7.29628811349999,1436.15192820142
11,"Hammer",7,88.6838520961184,-8.27379613332911,0.5,-25,-14,19.8009928637457,1448.02185808082
11,"Hammer",8,88.6838520961184,-8.27379613332911,0.5,-25,-16,-5.26179103815131,1389.72265143738
11,"Hammer",9,88.6838520961184,-8.27379613332911,0.5,-25,-18,35.385208685374,1419.82055067909
11,"Hammer",10,88.6838520961184,-8.27379613332911,0.5,-25,-20,41.3274602637178,1403.23134904713
11,"Hammer",11,88.6838520961184,-8.27379613332911,0.5,-25,-22,-41.0098787564994,1267.88265853717
11,"Hammer",12,88.6838520961184,-8.27379613332911,0.5,-25,-24,14.3429928759181,1317.7638601205
11,"Hammer",13,88.6838520961184,-8.27379613332911,0.5,-25,-26,-17.9012845372328,1249.80363791282
11,"Hammer",14,88.6838520961184,-8.27379613332911,0.5,-25,-28,26.8146973545134,1285.37539854509
11,"Hammer",15,88.6838520961184,-8.27379613332911,0.5,-25,-30,7.7542940548602,1235.15098753154
11,"Hammer",16,88.6838520961184,-8.27379613332911,0.5,-25,-32,-28.0878189568709,1162.35072116578
11,"Hammer",17,88.6838520961184,-8.27379613332911,0.5,-25,-34,-2.34638189143147,1172.3966809874
11,"Hammer",18,88.6838520961184,-8.27379613332911,0.5,-25,-36,55.8260099070957,1226.070885818
11,"Hammer",19,88.6838520961184,-8.27379613332911,0.5,-25,-38,8.28345843758262,1137.53042308892
11,"Hammer",20,88.6838520961184,-8.27379613332911,0.5,-25,-40,10.8703146379906,1116.42732376707
11,"Spoon",1,88.6838520961184,-8.27379613332911,-0.5,25,2,-10.5773646231471,1627.29788571004
11,"Spoon",2,88.6838520961184,-8.27379613332911,-0.5,25,4,-2.15927266153125,1619.42040882396
11,"Spoon",3,88.6838520961184,-8.27379613332911,-0.5,25,6,-37.1052638978098,1553.20672623815
11,"Spoon",4,88.6838520961184,-8.27379613332911,-0.5,25,8,5.81874171187082,1591.74886503364
11,"Spoon",5,88.6838520961184,-8.27379613332911,-0.5,25,10,15.573267613454,1585.66924663957
11,"Spoon",6,88.6838520961184,-8.27379613332911,-0.5,25,12,-8.63173811555043,1533.90504144985
11,"Spoon",7,88.6838520961184,-8.27379613332911,-0.5,25,14,-29.6391160251059,1486.44249469426
11,"Spoon",8,88.6838520961184,-8.27379613332911,-0.5,25,16,-30.0569497940967,1466.67835163295
11,"Spoon",9,88.6838520961184,-8.27379613332911,-0.5,25,18,71.3918926468601,1583.95193516697
11,"Spoon",10,88.6838520961184,-8.27379613332911,-0.5,25,20,-24.5363365555674,1435.70095084027
11,"Spoon",11,88.6838520961184,-8.27379613332911,-0.5,25,22,29.111209441407,1488.66909871355
11,"Spoon",12,88.6838520961184,-8.27379613332911,-0.5,25,24,-31.6827141651949,1387.68308408542
11,"Spoon",13,88.6838520961184,-8.27379613332911,-0.5,25,26,-6.1507181237526,1402.82835217863
11,"Spoon",14,88.6838520961184,-8.27379613332911,-0.5,25,28,-19.0162609227808,1366.31873542305
11,"Spoon",15,88.6838520961184,-8.27379613332911,-0.5,25,30,-12.5132946896401,1355.86490593826
11,"Spoon",16,88.6838520961184,-8.27379613332911,-0.5,25,32,-25.263675202346,1319.51021303505
11,"Spoon",17,88.6838520961184,-8.27379613332911,-0.5,25,34,20.5764621188584,1361.97532325818
11,"Spoon",18,88.6838520961184,-8.27379613332911,-0.5,25,36,23.5728097921668,1346.80416075188
11,"Spoon",19,88.6838520961184,-8.27379613332911,-0.5,25,38,20.7577419479016,1323.8151013586
11,"Spoon",20,88.6838520961184,-8.27379613332911,-0.5,25,40,0.868272584368148,1277.85643841849
12,"Hammer",1,272.115909294559,6.69611993222531,0.5,-25,-2,-40.4351863228124,1781.39018271221
12,"Hammer",2,272.115909294559,6.69611993222531,0.5,-25,-4,-38.6053739500585,1779.40717027587
12,"Hammer",3,272.115909294559,6.69611993222531,0.5,-25,-6,3.49298283646431,1831.59604196376
12,"Hammer",4,272.115909294559,6.69611993222531,0.5,-25,-8,-52.5836016052284,1751.7135508164
12,"Hammer",5,272.115909294559,6.69611993222531,0.5,-25,-10,-2.39504861482055,1814.78588446397
12,"Hammer",6,272.115909294559,6.69611993222531,0.5,-25,-12,19.6777150159804,1840.03501626944
12,"Hammer",7,272.115909294559,6.69611993222531,0.5,-25,-14,-19.756992613643,1782.54026809609
12,"Hammer",8,272.115909294559,6.69611993222531,0.5,-25,-16,-67.7077819116076,1713.58912893455
12,"Hammer",9,272.115909294559,6.69611993222531,0.5,-25,-18,-6.94192272150261,1790.89074785027
12,"Hammer",10,272.115909294559,6.69611993222531,0.5,-25,-20,31.9022920148924,1838.70193445841
12,"Hammer",11,272.115909294559,6.69611993222531,0.5,-25,-22,9.96029228989856,1804.73952298668
12,"Hammer",12,272.115909294559,6.69611993222531,0.5,-25,-24,-4.62230682697358,1780.67745936141
12,"Hammer",13,272.115909294559,6.69611993222531,0.5,-25,-26,26.1808612288858,1817.67130316868
12,"Hammer",14,272.115909294559,6.69611993222531,0.5,-25,-28,-0.219555325168747,1777.71113728696
12,"Hammer",15,272.115909294559,6.69611993222531,0.5,-25,-30,8.58470615602469,1785.11061071976
12,"Hammer",16,272.115909294559,6.69611993222531,0.5,-25,-32,13.144213262875,1786.79976247466
12,"Hammer",17,272.115909294559,6.69611993222531,0.5,-25,-34,40.8906472167618,1819.68148730716
12,"Hammer",18,272.115909294559,6.69611993222531,0.5,-25,-36,-6.9663463090183,1750.85652836335
12,"Hammer",19,272.115909294559,6.69611993222531,0.5,-25,-38,-35.1006341954391,1708.56384517139
12,"Hammer",20,272.115909294559,6.69611993222531,0.5,-25,-40,24.356945672392,1784.10548103135
12,"Spoon",1,272.115909294559,6.69611993222531,-0.5,25,2,-22.3137950713376,1878.41260323004
12,"Spoon",2,272.115909294559,6.69611993222531,-0.5,25,4,-14.6966347115272,1889.59617252038
12,"Spoon",3,272.115909294559,6.69611993222531,-0.5,25,6,40.2509197251486,1964.45168875622
12,"Spoon",4,272.115909294559,6.69611993222531,-0.5,25,8,-16.0560294576652,1889.64035792537
12,"Spoon",5,272.115909294559,6.69611993222531,-0.5,25,10,17.2018926726152,1935.31755979439
12,"Spoon",6,272.115909294559,6.69611993222531,-0.5,25,12,-24.2823330953109,1880.4467276065
12,"Spoon",7,272.115909294559,6.69611993222531,-0.5,25,14,38.682389807023,1966.08746410418
12,"Spoon",8,272.115909294559,6.69611993222531,-0.5,25,16,-8.75395090913087,1903.20945693732
12,"Spoon",9,272.115909294559,6.69611993222531,-0.5,25,18,-31.3796553784869,1873.70834310933
12,"Spoon",10,272.115909294559,6.69611993222531,-0.5,25,20,-54.7065735284794,1843.26391069839
12,"Spoon",11,272.115909294559,6.69611993222531,-0.5,25,22,-32.8438017236466,1873.61160980055
12,"Spoon",12,272.115909294559,6.69611993222531,-0.5,25,24,-43.868650747291,1859.7167267439
12,"Spoon",13,272.115909294559,6.69611993222531,-0.5,25,26,44.8475215021402,1980
12,"Spoon",14,272.115909294559,6.69611993222531,-0.5,25,28,-3.24527094363955,1916.23889095925
12,"Spoon",15,272.115909294559,6.69611993222531,-0.5,25,30,-9.74977549010434,1908.425071442
12,"Spoon",16,272.115909294559,6.69611993222531,-0.5,25,32,-26.5374301690454,1886.77768466976
12,"Spoon",17,272.115909294559,6.69611993222531,-0.5,25,34,5.50969746344807,1930.8260464556
12,"Spoon",18,272.115909294559,6.69611993222531,-0.5,25,36,-1.30668708639722,1922.5926655251
12,"Spoon",19,272.115909294559,6.69611993222531,-0.5,25,38,4.67585108571997,1931.57723395688
12,"Spoon",20,272.115909294559,6.69611993222531,-0.5,25,40,16.0302412721093,1947.78836965317
13,"Hammer",1,-154.898427410034,-3.18245275683484,0.5,-25,-2,1.3797155135293,1249.9053635562
13,"Hammer",2,-154.898427410034,-3.18245275683484,0.5,-25,-4,28.5607675792915,1268.73719645964
13,"Hammer",3,-154.898427410034,-3.18245275683484,0.5,-25,-6,-40.9068896815442,1157.5508536724
13,"Hammer",4,-154.898427410034,-3.18245275683484,0.5,-25,-8,0.797302549717129,1195.92016620464
13,"Hammer",5,-154.898427410034,-3.18245275683484,0.5,-25,-10,50.0893357627438,1244.49713954015
13,"Hammer",6,-154.898427410034,-3.18245275683484,0.5,-25,-12,6.54316711759973,1168.1820814755
13,"Hammer",7,-154.898427410034,-3.18245275683484,0.5,-25,-14,-13.3087266092168,1123.74211435267
13,"Hammer",8,-154.898427410034,-3.18245275683484,0.5,-25,-16,3.45653790816224,1128.56194745955
13,"Hammer",9,-154.898427410034,-3.18245275683484,0.5,-25,-18,-0.947838636122084,1104.90299248905
13,"Hammer",10,-154.898427410034,-3.18245275683484,0.5,-25,-20,-66.4013927932639,999.116684179382
13,"Hammer",11,-154.898427410034,-3.18245275683484,0.5,-25,-22,-48.016612890949,1006.11519548403
13,"Hammer",12,-154.898427410034,-3.18245275683484,0.5,-25,-24,-33.155809945657,1008.37302211403
13,"Hammer",13,-154.898427410034,-3.18245275683484,0.5,-25,-26,-38.9424085862596,982.854611423794
13,"Hammer",14,-154.898427410034,-3.18245275683484,0.5,-25,-28,-7.81791034858492,1006.99142647111
13,"Hammer",15,-154.898427410034,-3.18245275683484,0.5,-25,-30,20.4501770331511,1027.28561049831
13,"Hammer",16,-154.898427410034,-3.18245275683484,0.5,-25,-32,-32.0504230234,938.924464652774
13,"Hammer",17,-154.898427410034,-3.18245275683484,0.5,-25,-34,16.0353952385695,985.878758611396
13,"Hammer",18,-154.898427410034,-3.18245275683484,0.5,-25,-36,25.6199032418583,981.038567610902
13,"Hammer",19,-154.898427410034,-3.18245275683484,0.5,-25,-38,-6.53888330730437,920.042561981908
13,"Hammer",20,-154.898427410034,-3.18245275683484,0.5,-25,-40,51.7480782367352,980.72010220771
13,"Spoon",1,-154.898427410034,-3.18245275683484,-0.5,25,2,44.1242707954347,1380.05247750527
13,"Spoon",2,-154.898427410034,-3.18245275683484,-0.5,25,4,-17.7885996896116,1284.41039089641
13,"Spoon",3,-154.898427410034,-3.18245275683484,-0.5,25,6,36.7020377837942,1345.36192932615
13,"Spoon",4,-154.898427410034,-3.18245275683484,-0.5,25,8,9.01381399256651,1295.76107966493
13,"Spoon",5,-154.898427410034,-3.18245275683484,-0.5,25,10,-34.411222330244,1224.99003879475
13,"Spoon",6,-154.898427410034,-3.18245275683484,-0.5,25,12,-6.65863843928857,1249.97179581166
13,"Spoon",7,-154.898427410034,-3.18245275683484,-0.5,25,14,28.2635532290134,1284.59857892486
13,"Spoon",8,-154.898427410034,-3.18245275683484,-0.5,25,16,-17.1784612918944,1211.11416684102
13,"Spoon",9,-154.898427410034,-3.18245275683484,-0.5,25,18,-23.2985281586248,1190.52821490447
13,"Spoon",10,-154.898427410034,-3.18245275683484,-0.5,25,20,11.9533530642076,1225.59851800592
13,"Spoon",11,-154.898427410034,-3.18245275683484,-0.5,25,22,3.78339609858485,1202.25491961055
13,"Spoon",12,-154.898427410034,-3.18245275683484,-0.5,25,24,-21.2868316775159,1156.17596970591
13,"Spoon",13,-154.898427410034,-3.18245275683484,-0.5,25,26,-55.7849460121987,1097.41400913817
13,"Spoon",14,-154.898427410034,-3.18245275683484,-0.5,25,28,25.0507626195334,1193.8066632777
13,"Spoon",15,-154.898427410034,-3.18245275683484,-0.5,25,30,28.2740720823764,1185.79003330755
13,"Spoon",16,-154.898427410034,-3.18245275683484,-0.5,25,32,16.2596124998862,1157.2745581208
13,"Spoon",17,-154.898427410034,-3.18245275683484,-0.5,25,34,-3.7230722164661,1118.03970444864
13,"Spoon",18,-154.898427410034,-3.18245275683484,-0.5,25,36,-12.8180163394246,1093.45175272903
13,"Spoon",19,-154.898427410034,-3.18245275683484,-0.5,25,38,15.1095668221132,1118.66893022974
13,"Spoon",20,-154.898427410034,-3.18245275683484,-0.5,25,40,-43.657632050749,1027.25860716111
14,"Hammer",1,132.728682515901,3.97541345783049,0.5,-25,-2,4.61436994773432,1650.82089525158
14,"Hammer",2,132.728682515901,3.97541345783049,0.5,-25,-4,13.3393411703958,1654.45362963849
14,"Hammer",3,132.728682515901,3.97541345783049,0.5,-25,-6,11.7850800827327,1644.25806728143
14,"Hammer",4,132.728682515901,3.97541345783049,0.5,-25,-8,44.8424551677334,1680.62434547241
14,"Hammer",5,132.728682515901,3.97541345783049,0.5,-25,-10,-61.7651913175892,1529.10408654464
14,"Hammer",6,132.728682515901,3.97541345783049,0.5,-25,-12,-70.4032644933982,1509.37891607327
14,"Hammer",7,132.728682515901,3.97541345783049,0.5,-25,-14,-38.2480832505482,1544.5315040009
14,"Hammer",8,132.728682515901,3.97541345783049,0.5,-25,-16,-51.2109016860682,1518.98840287208
14,"Hammer",9,132.728682515901,3.97541345783049,0.5,-25,-18,-51.5123547344381,1510.47819996673
14,"Hammer",10,132.728682515901,3.97541345783049,0.5,-25,-20,-19.3389011147767,1545.65536909275
14,"Hammer",11,132.728682515901,3.97541345783049,0.5,-25,-22,-30.0284633553544,1523.17040112891
14,"Hammer",12,132.728682515901,3.97541345783049,0.5,-25,-24,14.4085046000884,1574.84525317904
14,"Hammer",13,132.728682515901,3.97541345783049,0.5,-25,-26,6.62844863182117,1556.27434366794
14,"Hammer",14,132.728682515901,3.97541345783049,0.5,-25,-28,5.67637178415951,1546.88887900241
14,"Hammer",15,132.728682515901,3.97541345783049,0.5,-25,-30,-12.2703297455798,1514.64113181799
14,"Hammer",16,132.728682515901,3.97541345783049,0.5,-25,-32,5.18247412967469,1530.0151184899
14,"Hammer",17,132.728682515901,3.97541345783049,0.5,-25,-34,79.1543524051895,1621.42226687134
14,"Hammer",18,132.728682515901,3.97541345783049,0.5,-25,-36,11.7797721085762,1522.68089892048
14,"Hammer",19,132.728682515901,3.97541345783049,0.5,-25,-38,-4.56401398001003,1492.5894986019
14,"Hammer",20,132.728682515901,3.97541345783049,0.5,-25,-40,2.57813488238792,1494.09291665176
14,"Spoon",1,132.728682515901,3.97541345783049,-0.5,25,2,-20.1334253453311,1690.17287747075
14,"Spoon",2,132.728682515901,3.97541345783049,-0.5,25,4,-23.2185136638451,1683.2990080897
14,"Spoon",3,132.728682515901,3.97541345783049,-0.5,25,6,19.7477922374559,1738.37649125324
14,"Spoon",4,132.728682515901,3.97541345783049,-0.5,25,8,27.5718944237093,1746.17837965079
14,"Spoon",5,132.728682515901,3.97541345783049,-0.5,25,10,-27.5381506532277,1669.31713004245
14,"Spoon",6,132.728682515901,3.97541345783049,-0.5,25,12,15.5644537061941,1724.57797082141
14,"Spoon",7,132.728682515901,3.97541345783049,-0.5,25,14,-4.68388695491867,1694.61496994494
14,"Spoon",8,132.728682515901,3.97541345783049,-0.5,25,16,-14.4567566052752,1678.74425896877
14,"Spoon",9,132.728682515901,3.97541345783049,-0.5,25,18,21.5690068135468,1724.4848696778
14,"Spoon",10,132.728682515901,3.97541345783049,-0.5,25,20,-50.2191176879913,1625.18717496927
14,"Spoon",11,132.728682515901,3.97541345783049,-0.5,25,22,71.0207916173089,1785.56343749812
14,"Spoon",12,132.728682515901,3.97541345783049,-0.5,25,24,-15.889773122901,1665.92204543944
14,"Spoon",13,132.728682515901,3.97541345783049,-0.5,25,26,28.3002393061667,1722.64573879482
14,"Spoon",14,132.728682515901,3.97541345783049,-0.5,25,28,47.6804139397324,1745.99361294031
14,"Spoon",15,132.728682515901,3.97541345783049,-0.5,25,30,12.3127043127682,1695.69104639111
14,"Spoon",16,132.728682515901,3.97541345783049,-0.5,25,32,-39.7884976756935,1622.87748962863
14,"Spoon",17,132.728682515901,3.97541345783049,-0.5,25,34,5.42710022382081,1680.98086774971
14,"Spoon",18,132.728682515901,3.97541345783049,-0.5,25,36,-44.9230964363795,1610.52287807128
14,"Spoon",19,132.728682515901,3.97541345783049,-0.5,25,38,-17.9413807514571,1644.09684325122
14,"Spoon",20,132.728682515901,3.97541345783049,-0.5,25,40,20.4969835737643,1693.0830427602
15,"Hammer",1,-226.626411720363,4.32240072396994,0.5,-25,-2,46.0174866655944,1223.55785459047
15,"Hammer",2,-226.626411720363,4.32240072396994,0.5,-25,-4,28.1168097552981,1191.83881274255
15,"Hammer",3,-226.626411720363,4.32240072396994,0.5,-25,-6,45.1697010738466,1207.14160084621
15,"Hammer",4,-226.626411720363,4.32240072396994,0.5,-25,-8,-7.55365160854256,1128.57681415492
15,"Hammer",5,-226.626411720363,4.32240072396994,0.5,-25,-10,-2.87027778161624,1127.23931694447
15,"Hammer",6,-226.626411720363,4.32240072396994,0.5,-25,-12,-46.8497834670538,1060.43732608339
15,"Hammer",7,-226.626411720363,4.32240072396994,0.5,-25,-14,-5.6888941171607,1108.17177256541
15,"Hammer",8,-226.626411720363,4.32240072396994,0.5,-25,-16,25.0953570502196,1141.9468855427
15,"Hammer",9,-226.626411720363,4.32240072396994,0.5,-25,-18,6.40594686446181,1109.16678801906
15,"Hammer",10,-226.626411720363,4.32240072396994,0.5,-25,-20,-25.4377167209116,1058.69072702621
15,"Hammer",11,-226.626411720363,4.32240072396994,0.5,-25,-22,-11.2691618746334,1070.11331674113
15,"Hammer",12,-226.626411720363,4.32240072396994,0.5,-25,-24,-11.7495806426222,1061.82914742803
15,"Hammer",13,-226.626411720363,4.32240072396994,0.5,-25,-26,11.2727343955504,1085.16239540392
15,"Hammer",14,-226.626411720363,4.32240072396994,0.5,-25,-28,10.2561377684423,1076.15692450725
15,"Hammer",15,-226.626411720363,4.32240072396994,0.5,-25,-30,9.1542465679385,1067.03670976239
15,"Hammer",16,-226.626411720363,4.32240072396994,0.5,-25,-32,6.07786038918203,1055.26027501449
15,"Hammer",17,-226.626411720363,4.32240072396994,0.5,-25,-34,-17.5989688427776,1015.77077464099
15,"Hammer",18,-226.626411720363,4.32240072396994,0.5,-25,-36,17.9658651888865,1055.97704088542
15,"Hammer",19,-226.626411720363,4.32240072396994,0.5,-25,-38,-1.80585847697046,1021.74094436099
15,"Hammer",20,-226.626411720363,4.32240072396994,0.5,-25,-40,4.32699644411328,1022.35338408063
15,"Spoon",1,-226.626411720363,4.32240072396994,-0.5,25,2,-13.8569709737321,1215.65514931112
15,"Spoon",2,-226.626411720363,4.32240072396994,-0.5,25,4,-18.1569942110989,1207.61365988436
15,"Spoon",3,-226.626411720363,4.32240072396994,-0.5,25,6,31.0908594110408,1271.60828257841
15,"Spoon",4,-226.626411720363,4.32240072396994,-0.5,25,8,53.9951573705607,1300.16382830678
15,"Spoon",5,-226.626411720363,4.32240072396994,-0.5,25,10,3.0553227799504,1229.3794090576
15,"Spoon",6,-226.626411720363,4.32240072396994,-0.5,25,12,8.90482271066529,1234.99172313882
15,"Spoon",7,-226.626411720363,4.32240072396994,-0.5,25,14,7.12926301178777,1230.34630745334
15,"Spoon",8,-226.626411720363,4.32240072396994,-0.5,25,16,-19.3696438280726,1192.44142545284
15,"Spoon",9,-226.626411720363,4.32240072396994,-0.5,25,18,-41.60623485052,1160.27048993397
15,"Spoon",10,-226.626411720363,4.32240072396994,-0.5,25,20,56.1382295019199,1289.50593061998
15,"Spoon",11,-226.626411720363,4.32240072396994,-0.5,25,22,-9.49212635368072,1198.95885972106
15,"Spoon",12,-226.626411720363,4.32240072396994,-0.5,25,24,23.3165514117572,1240.83842604614
15,"Spoon",13,-226.626411720363,4.32240072396994,-0.5,25,26,-51.3549772833458,1138.12857711442
15,"Spoon",14,-226.626411720363,4.32240072396994,-0.5,25,28,41.7721897768548,1261.15252698238
15,"Spoon",15,-226.626411720363,4.32240072396994,-0.5,25,30,16.8332201398442,1225.34617470586
15,"Spoon",16,-226.626411720363,4.32240072396994,-0.5,25,32,28.3811731154194,1238.62442115507
15,"Spoon",17,-226.626411720363,4.32240072396994,-0.5,25,34,-6.49583365887047,1189.44877023465
15,"Spoon",18,-226.626411720363,4.32240072396994,-0.5,25,36,-29.7107156890357,1155.96177355983
15,"Spoon",19,-226.626411720363,4.32240072396994,-0.5,25,38,-27.695700709594,1156.41568726972
15,"Spoon",20,-226.626411720363,4.32240072396994,-0.5,25,40,-20.6041248877303,1163.69892321386
16,"Hammer",1,-39.9214608256079,8.62021568216948,0.5,-25,-2,6.04541752044721,1426.73424252219
16,"Hammer",2,-39.9214608256079,8.62021568216948,0.5,-25,-4,-21.5825576775126,1387.71110398888
16,"Hammer",3,-39.9214608256079,8.62021568216948,0.5,-25,-6,57.3931366217803,1492.09820576336
16,"Hammer",4,-39.9214608256079,8.62021568216948,0.5,-25,-8,-36.3580480621508,1364.12179379185
16,"Hammer",5,-39.9214608256079,8.62021568216948,0.5,-25,-10,18.4137321332892,1435.94820460333
16,"Hammer",6,-39.9214608256079,8.62021568216948,0.5,-25,-12,-19.0570028413474,1383.68394077366
16,"Hammer",7,-39.9214608256079,8.62021568216948,0.5,-25,-14,4.06076549282792,1412.92730102845
16,"Hammer",8,-39.9214608256079,8.62021568216948,0.5,-25,-16,-9.3644998207522,1393.01057831691
16,"Hammer",9,-39.9214608256079,8.62021568216948,0.5,-25,-18,69.8024728142531,1497.65500024012
16,"Hammer",10,-39.9214608256079,8.62021568216948,0.5,-25,-20,-12.7747605575606,1384.71051963097
16,"Hammer",11,-39.9214608256079,8.62021568216948,0.5,-25,-22,34.1169534187542,1445.93614910485
16,"Hammer",12,-39.9214608256079,8.62021568216948,0.5,-25,-24,32.4790901523671,1441.87661187449
16,"Hammer",13,-39.9214608256079,8.62021568216948,0.5,-25,-26,6.6862096752156,1405.32216298517
16,"Hammer",14,-39.9214608256079,8.62021568216948,0.5,-25,-28,6.20481766355083,1402.81838665245
16,"Hammer",15,-39.9214608256079,8.62021568216948,0.5,-25,-30,-17.8067583737496,1368.66026519712
16,"Hammer",16,-39.9214608256079,8.62021568216948,0.5,-25,-32,7.87999303848397,1401.3595897945
16,"Hammer",17,-39.9214608256079,8.62021568216948,0.5,-25,-34,25.3686586013794,1423.03031221277
16,"Hammer",18,-39.9214608256079,8.62021568216948,0.5,-25,-36,-7.08829347993378,1377.51091760734
16,"Hammer",19,-39.9214608256079,8.62021568216948,0.5,-25,-38,13.5644057412456,1403.43810539323
16,"Hammer",20,-39.9214608256079,8.62021568216948,0.5,-25,-40,-27.5870509107946,1346.222293622
16,"Spoon",1,-39.9214608256079,8.62021568216948,-0.5,25,2,30.1477309551062,1531.80259139874
16,"Spoon",2,-39.9214608256079,8.62021568216948,-0.5,25,4,55.5743741418352,1569.5330634288
16,"Spoon",3,-39.9214608256079,8.62021568216948,-0.5,25,6,-14.6076095582073,1478.64454680685
16,"Spoon",4,-39.9214608256079,8.62021568216948,-0.5,25,8,-12.7676680404985,1484.64464247768
16,"Spoon",5,-39.9214608256079,8.62021568216948,-0.5,25,10,31.4478658252224,1547.65116119635
16,"Spoon",6,-39.9214608256079,8.62021568216948,-0.5,25,12,-12.1407423484816,1492.53779558762
16,"Spoon",7,-39.9214608256079,8.62021568216948,-0.5,25,14,-1.00929902849239,1511.03742821219
16,"Spoon",8,-39.9214608256079,8.62021568216948,-0.5,25,16,-42.0880117151402,1459.30053844752
16,"Spoon",9,-39.9214608256079,8.62021568216948,-0.5,25,18,-23.4144776554903,1487.94628565238
16,"Spoon",10,-39.9214608256079,8.62021568216948,-0.5,25,20,-0.892357413328022,1521.76940312865
16,"Spoon",11,-39.9214608256079,8.62021568216948,-0.5,25,22,-16.3629367955669,1504.48225199248
16,"Spoon",12,-39.9214608256079,8.62021568216948,-0.5,25,24,-1.58487895467709,1527.88754937717
16,"Spoon",13,-39.9214608256079,8.62021568216948,-0.5,25,26,65.1630133877189,1621.20607291782
16,"Spoon",14,-39.9214608256079,8.62021568216948,-0.5,25,28,-39.7545815739167,1483.58893633602
16,"Spoon",15,-39.9214608256079,8.62021568216948,-0.5,25,30,37.2850849797371,1590.75262880745
16,"Spoon",16,-39.9214608256079,8.62021568216948,-0.5,25,32,42.5926461956456,1601.41759367612
16,"Spoon",17,-39.9214608256079,8.62021568216948,-0.5,25,34,-32.7591690360495,1503.57428097819
16,"Spoon",18,-39.9214608256079,8.62021568216948,-0.5,25,36,25.5201927869866,1585.50038245154
16,"Spoon",19,-39.9214608256079,8.62021568216948,-0.5,25,38,46.205272399378,1616.85219251961
16,"Spoon",20,-39.9214608256079,8.62021568216948,-0.5,25,40,-29.7193047515611,1518.23836296362
17,"Hammer",1,-407.632100944047,-8.10470361977652,0.5,-25,-2,5.4497100347755,908.764957098748
17,"Hammer",2,-407.632100944047,-8.10470361977652,0.5,-25,-4,-39.8456360590109,823.475056593195
17,"Hammer",3,-407.632100944047,-8.10470361977652,0.5,-25,-6,-0.345697656704541,852.257328123568
17,"Hammer",4,-407.632100944047,-8.10470361977652,0.5,-25,-8,-5.52345243741482,820.93623974156
17,"Hammer",5,-407.632100944047,-8.10470361977652,0.5,-25,-10,44.8487405043234,864.344580370122
17,"Hammer",6,-407.632100944047,-8.10470361977652,0.5,-25,-12,7.90618899078053,790.291406364168
17,"Hammer",7,-407.632100944047,-8.10470361977652,0.5,-25,-14,-20.9366969101275,727.134433186935
17,"Hammer",8,-407.632100944047,-8.10470361977652,0.5,-25,-16,-36.9155466879123,681.283004185108
17,"Hammer",9,-407.632100944047,-8.10470361977652,0.5,-25,-18,6.34405919719936,715.123026726579
17,"Hammer",10,-407.632100944047,-8.10470361977652,0.5,-25,-20,-7.84852473937543,671.674599560896
17,"Hammer",11,-407.632100944047,-8.10470361977652,0.5,-25,-22,-24.3607270200069,625.105669829847
17,"Hammer",12,-407.632100944047,-8.10470361977652,0.5,-25,-24,20.3988242306989,660.963517145483
17,"Hammer",13,-407.632100944047,-8.10470361977652,0.5,-25,-26,47.1201357374746,672.555142588961
17,"Hammer",14,-407.632100944047,-8.10470361977652,0.5,-25,-28,-22.34007758994,554.757079528369
17,"Hammer",15,-407.632100944047,-8.10470361977652,0.5,-25,-30,-34.4388446104636,514.1253920538
17,"Hammer",16,-407.632100944047,-8.10470361977652,0.5,-25,-32,-16.5642055741962,513.815894103467
17,"Hammer",17,-407.632100944047,-8.10470361977652,0.5,-25,-34,32.4722733058769,555.427344667464
17,"Hammer",18,-407.632100944047,-8.10470361977652,0.5,-25,-36,6.15107174270831,495.662706468577
17,"Hammer",19,-407.632100944047,-8.10470361977652,0.5,-25,-38,15.1655071473044,483.433882119947
17,"Hammer",20,-407.632100944047,-8.10470361977652,0.5,-25,-40,-28.7501719845182,400
17,"Spoon",1,-407.632100944047,-8.10470361977652,-0.5,25,2,67.9048879971727,1065.42809201179
17,"Spoon",2,-407.632100944047,-8.10470361977652,-0.5,25,4,-21.6265881030571,926.009913366353
17,"Spoon",3,-407.632100944047,-8.10470361977652,-0.5,25,6,15.3733972358499,956.810146310863
17,"Spoon",4,-407.632100944047,-8.10470361977652,-0.5,25,8,-22.0729695734635,887.46026902029
17,"Spoon",5,-407.632100944047,-8.10470361977652,-0.5,25,10,13.9492570721965,916.945156913144
17,"Spoon",6,-407.632100944047,-8.10470361977652,-0.5,25,12,48.4006212686018,944.316817724786
17,"Spoon",7,-407.632100944047,-8.10470361977652,-0.5,25,14,0.903305046776115,861.445744800258
17,"Spoon",8,-407.632100944047,-8.10470361977652,-0.5,25,16,-15.8072814850651,819.990997635936
17,"Spoon",9,-407.632100944047,-8.10470361977652,-0.5,25,18,4.42128206431774,828.229215215666
17,"Spoon",10,-407.632100944047,-8.10470361977652,-0.5,25,20,-1.22838890806097,801.654336313735
17,"Spoon",11,-407.632100944047,-8.10470361977652,-0.5,25,22,16.9004656637751,807.067887815211
17,"Spoon",12,-407.632100944047,-8.10470361977652,-0.5,25,24,17.6260357310575,789.069400831397
17,"Spoon",13,-407.632100944047,-8.10470361977652,-0.5,25,26,22.4045629753454,776.523217370085
17,"Spoon",14,-407.632100944047,-8.10470361977652,-0.5,25,28,37.0683208108303,777.275293727286
17,"Spoon",15,-407.632100944047,-8.10470361977652,-0.5,25,30,24.3299593874856,741.164244017776
17,"Spoon",16,-407.632100944047,-8.10470361977652,-0.5,25,32,-67.5968130248568,598.523755846333
17,"Spoon",17,-407.632100944047,-8.10470361977652,-0.5,25,34,7.28891008474125,680.29036531011
17,"Spoon",18,-407.632100944047,-8.10470361977652,-0.5,25,36,4.07986230532089,656.998772623875
17,"Spoon",19,-407.632100944047,-8.10470361977652,-0.5,25,38,-15.513495787614,611.665932291854
17,"Spoon",20,-407.632100944047,-8.10470361977652,-0.5,25,40,-7.67415193018062,603.237359866816
18,"Hammer",1,-79.4011893702562,-9.51965509018213,0.5,-25,-2,11.7057881035547,1356.83528393965
18,"Hammer",2,-79.4011893702562,-9.51965509018213,0.5,-25,-4,16.7021105355783,1337.29754535712
18,"Hammer",3,-79.4011893702562,-9.51965509018213,0.5,-25,-6,-5.61240912199697,1281.01947273591
18,"Hammer",4,-79.4011893702562,-9.51965509018213,0.5,-25,-8,19.4265929210971,1288.44445985494
18,"Hammer",5,-79.4011893702562,-9.51965509018213,0.5,-25,-10,-17.9684153651702,1211.87912593777
18,"Hammer",6,-79.4011893702562,-9.51965509018213,0.5,-25,-12,17.003256999959,1232.66619190924
18,"Hammer",7,-79.4011893702562,-9.51965509018213,0.5,-25,-14,14.1353682729076,1202.54900125462
18,"Hammer",8,-79.4011893702562,-9.51965509018213,0.5,-25,-16,45.871287258542,1218.98311979081
18,"Hammer",9,-79.4011893702562,-9.51965509018213,0.5,-25,-18,-60.1249108403159,1050.13097095609
18,"Hammer",10,-79.4011893702562,-9.51965509018213,0.5,-25,-20,-14.6856723496558,1084.99969265836
18,"Hammer",11,-79.4011893702562,-9.51965509018213,0.5,-25,-22,43.5320072872724,1137.05881056545
18,"Hammer",12,-79.4011893702562,-9.51965509018213,0.5,-25,-24,13.8945204209343,1070.92940269351
18,"Hammer",13,-79.4011893702562,-9.51965509018213,0.5,-25,-26,-7.87849084982095,1015.37980263098
18,"Hammer",14,-79.4011893702562,-9.51965509018213,0.5,-25,-28,-25.2705366906124,965.723764282162
18,"Hammer",15,-79.4011893702562,-9.51965509018213,0.5,-25,-30,24.239073258227,1006.06821633886
18,"Hammer",16,-79.4011893702562,-9.51965509018213,0.5,-25,-32,38.1699866370243,998.54987484435
18,"Hammer",17,-79.4011893702562,-9.51965509018213,0.5,-25,-34,72.8051199281346,1018.88420640522
18,"Hammer",18,-79.4011893702562,-9.51965509018213,0.5,-25,-36,-7.37331572855936,884.763803048883
18,"Hammer",19,-79.4011893702562,-9.51965509018213,0.5,-25,-38,74.5905504622258,968.767846830869
18,"Hammer",20,-79.4011893702562,-9.51965509018213,0.5,-25,-40,-64.8042454565417,754.985716111996
18,"Spoon",1,-79.4011893702562,-9.51965509018213,-0.5,25,2,2.15753484289616,1416.6346858932
18,"Spoon",2,-79.4011893702562,-9.51965509018213,-0.5,25,4,-10.2508450646418,1379.06406351936
18,"Spoon",3,-79.4011893702562,-9.51965509018213,-0.5,25,6,-19.114065883891,1346.26262141087
18,"Spoon",4,-79.4011893702562,-9.51965509018213,-0.5,25,8,-12.5464889218788,1334.21969942076
18,"Spoon",5,-79.4011893702562,-9.51965509018213,-0.5,25,10,-12.3583002225773,1313.59480639639
18,"Spoon",6,-79.4011893702562,-9.51965509018213,-0.5,25,12,-3.97091055635765,1304.00001568033
18,"Spoon",7,-79.4011893702562,-9.51965509018213,-0.5,25,14,21.8593088770596,1317.87046232767
18,"Spoon",8,-79.4011893702562,-9.51965509018213,-0.5,25,16,43.3769722856951,1325.93937607496
18,"Spoon",9,-79.4011893702562,-9.51965509018213,-0.5,25,18,-24.122241765656,1214.25695435518
18,"Spoon",10,-79.4011893702562,-9.51965509018213,-0.5,25,20,18.8026456717587,1251.12426835237
18,"Spoon",11,-79.4011893702562,-9.51965509018213,-0.5,25,22,89.1601731621802,1324.89576698815
18,"Spoon",12,-79.4011893702562,-9.51965509018213,-0.5,25,24,-7.61582686187548,1173.82829472006
18,"Spoon",13,-79.4011893702562,-9.51965509018213,-0.5,25,26,79.0731196078351,1269.56988811367
18,"Spoon",14,-79.4011893702562,-9.51965509018213,-0.5,25,28,-33.3700081623788,1097.42596917535
18,"Spoon",15,-79.4011893702562,-9.51965509018213,-0.5,25,30,15.1303507544261,1141.79377268157
18,"Spoon",16,-79.4011893702562,-9.51965509018213,-0.5,25,32,-21.3524019993211,1071.83672673135
18,"Spoon",17,-79.4011893702562,-9.51965509018213,-0.5,25,34,27.063641725519,1116.09110391746
18,"Spoon",18,-79.4011893702562,-9.51965509018213,-0.5,25,36,-41.7425204571682,1002.65048994718
18,"Spoon",19,-79.4011893702562,-9.51965509018213,-0.5,25,38,-58.3976807238876,959.366820407921
18,"Spoon",20,-79.4011893702562,-9.51965509018213,-0.5,25,40,-10.0224646635054,1003.56627354499
19,"Hammer",1,221.735229865316,-11.2082170870083,0.5,-25,-2,10.4588337789008,1757.99467506184
19,"Hammer",2,221.735229865316,-11.2082170870083,0.5,-25,-4,27.0827183292838,1751.82753059271
19,"Hammer",3,221.735229865316,-11.2082170870083,0.5,-25,-6,2.20117503613733,1689.82456537568
19,"Hammer",4,221.735229865316,-11.2082170870083,0.5,-25,-8,36.1541834514761,1706.96969364085
19,"Hammer",5,221.735229865316,-11.2082170870083,0.5,-25,-10,-34.410476668716,1583.51080675553
19,"Hammer",6,221.735229865316,-11.2082170870083,0.5,-25,-12,-19.2863876004722,1575.32603914529
19,"Hammer",7,221.735229865316,-11.2082170870083,0.5,-25,-14,-14.4636230310853,1553.28325493171
19,"Hammer",8,221.735229865316,-11.2082170870083,0.5,-25,-16,17.0626438827278,1567.16377154195
19,"Hammer",9,221.735229865316,-11.2082170870083,0.5,-25,-18,41.0461179633293,1570.89722906967
19,"Hammer",10,221.735229865316,-11.2082170870083,0.5,-25,-20,26.560110700162,1522.87901997988
19,"Hammer",11,221.735229865316,-11.2082170870083,0.5,-25,-22,4.01490899157565,1464.01905452695
19,"Hammer",12,221.735229865316,-11.2082170870083,0.5,-25,-24,8.95860814346571,1442.13895943674
19,"Hammer",13,221.735229865316,-11.2082170870083,0.5,-25,-26,-15.6525439319906,1380.49974220032
19,"Hammer",14,221.735229865316,-11.2082170870083,0.5,-25,-28,-40.9445031331319,1317.94465861561
19,"Hammer",15,221.735229865316,-11.2082170870083,0.5,-25,-30,-60.4303242327402,1263.20037239207
19,"Hammer",16,221.735229865316,-11.2082170870083,0.5,-25,-32,50.5971930875358,1384.03117954418
19,"Hammer",17,221.735229865316,-11.2082170870083,0.5,-25,-34,-36.1083771432043,1238.85848291238
19,"Hammer",18,221.735229865316,-11.2082170870083,0.5,-25,-36,-6.13869025792814,1250.64498608947
19,"Hammer",19,221.735229865316,-11.2082170870083,0.5,-25,-38,-30.8622471904306,1188.8545544752
19,"Hammer",20,221.735229865316,-11.2082170870083,0.5,-25,-40,14.3081744557885,1221.09008192324
19,"Spoon",1,221.735229865316,-11.2082170870083,-0.5,25,2,-42.4726525668418,1759.43210963282
19,"Spoon",2,221.735229865316,-11.2082170870083,-0.5,25,4,12.0054023633433,1809.56993721914
19,"Spoon",3,221.735229865316,-11.2082170870083,-0.5,25,6,24.2962957852858,1802.95483126825
19,"Spoon",4,221.735229865316,-11.2082170870083,-0.5,25,8,-27.5751710200962,1710.0243147662
19,"Spoon",5,221.735229865316,-11.2082170870083,-0.5,25,10,28.0988552596929,1761.77104136563
19,"Spoon",6,221.735229865316,-11.2082170870083,-0.5,25,12,15.6304047319385,1721.84804383432
19,"Spoon",7,221.735229865316,-11.2082170870083,-0.5,25,14,32.7451189379418,1721.72225763298
19,"Spoon",8,221.735229865316,-11.2082170870083,-0.5,25,16,-13.9445875537568,1635.76258458601
19,"Spoon",9,221.735229865316,-11.2082170870083,-0.5,25,18,0.989369883509077,1632.7031015079
19,"Spoon",10,221.735229865316,-11.2082170870083,-0.5,25,20,-50.5664708665327,1540.19718585362
19,"Spoon",11,221.735229865316,-11.2082170870083,-0.5,25,22,-57.0668921654408,1508.30277223418
19,"Spoon",12,221.735229865316,-11.2082170870083,-0.5,25,24,-17.0031742962767,1539.04948925604
19,"Spoon",13,221.735229865316,-11.2082170870083,-0.5,25,26,-30.5017926218751,1497.74064251201
19,"Spoon",14,221.735229865316,-11.2082170870083,-0.5,25,28,-23.45401676919,1484.07215130604
19,"Spoon",15,221.735229865316,-11.2082170870083,-0.5,25,30,-61.819485227662,1409.31078862075
19,"Spoon",16,221.735229865316,-11.2082170870083,-0.5,25,32,-21.9780978155862,1439.75841214584
19,"Spoon",17,221.735229865316,-11.2082170870083,-0.5,25,34,67.2653337645016,1536.66490204243
19,"Spoon",18,221.735229865316,-11.2082170870083,-0.5,25,36,34.6690702855503,1469.66465186293
19,"Spoon",19,221.735229865316,-11.2082170870083,-0.5,25,38,5.89306624006462,1407.80366495622
19,"Spoon",20,221.735229865316,-11.2082170870083,-0.5,25,40,-29.9495575455077,1336.43619820815
20,"Hammer",1,-97.7706107960504,6.92783703865649,0.5,-25,-2,38.1294891928184,1389.79667257921
20,"Hammer",2,-97.7706107960504,6.92783703865649,0.5,-25,-4,0.642305725661664,1335.23358253297
20,"Hammer",3,-97.7706107960504,6.92783703865649,0.5,-25,-6,-6.4362415391662,1321.57818211669
20,"Hammer",4,-97.7706107960504,6.92783703865649,0.5,-25,-8,-26.3627713705391,1290.63883382105
20,"Hammer",5,-97.7706107960504,6.92783703865649,0.5,-25,-10,-32.7442133338557,1277.92122512696
20,"Hammer",6,-97.7706107960504,6.92783703865649,0.5,-25,-12,2.0533609345696,1320.60032689586
20,"Hammer",7,-97.7706107960504,6.92783703865649,0.5,-25,-14,12.0506602949539,1329.91647407761
20,"Hammer",8,-97.7706107960504,6.92783703865649,0.5,-25,-16,9.87719358595073,1322.85970937957
20,"Hammer",9,-97.7706107960504,6.92783703865649,0.5,-25,-18,53.0974875773151,1376.86960553114
20,"Hammer",10,-97.7706107960504,6.92783703865649,0.5,-25,-20,-12.4956305426697,1284.49657083998
20,"Hammer",11,-97.7706107960504,6.92783703865649,0.5,-25,-22,31.679270818756,1339.79066736652
20,"Hammer",12,-97.7706107960504,6.92783703865649,0.5,-25,-24,9.95021571201305,1306.42644397867
20,"Hammer",13,-97.7706107960504,6.92783703865649,0.5,-25,-26,-3.41397571140093,1284.3151832386
20,"Hammer",14,-97.7706107960504,6.92783703865649,0.5,-25,-28,-32.8446388644335,1240.59025213888
20,"Hammer",15,-97.7706107960504,6.92783703865649,0.5,-25,-30,11.9223305516631,1296.68083740168
20,"Hammer",16,-97.7706107960504,6.92783703865649,0.5,-25,-32,-18.6027073780044,1251.48368165487
20,"Hammer",17,-97.7706107960504,6.92783703865649,0.5,-25,-34,-44.4747930366332,1212.54598213951
20,"Hammer",18,-97.7706107960504,6.92783703865649,0.5,-25,-36,27.1367373122008,1304.74962948053
20,"Hammer",19,-97.7706107960504,6.92783703865649,0.5,-25,-38,12.4615486421543,1280.87472935479
20,"Hammer",20,-97.7706107960504,6.92783703865649,0.5,-25,-40,-51.7964692198536,1190.29775899926
20,"Spoon",1,-97.7706107960504,6.92783703865649,-0.5,25,2,-18.4647841389512,1386.30668613045
20,"Spoon",2,-97.7706107960504,6.92783703865649,-0.5,25,4,4.03472544239446,1417.82268763765
20,"Spoon",3,-97.7706107960504,6.92783703865649,-0.5,25,6,40.893098336404,1468.65517278867
20,"Spoon",4,-97.7706107960504,6.92783703865649,-0.5,25,8,15.8771253476008,1436.2502341832
20,"Spoon",5,-97.7706107960504,6.92783703865649,-0.5,25,10,11.0528762771074,1431.00852544597
20,"Spoon",6,-97.7706107960504,6.92783703865649,-0.5,25,12,12.0645506778496,1433.61768330063
20,"Spoon",7,-97.7706107960504,6.92783703865649,-0.5,25,14,17.6463537305052,1442.37487762813
20,"Spoon",8,-97.7706107960504,6.92783703865649,-0.5,25,16,-15.8579388820299,1398.55089535568
20,"Spoon",9,-97.7706107960504,6.92783703865649,-0.5,25,18,38.4941517478465,1472.91707569946
20,"Spoon",10,-97.7706107960504,6.92783703865649,-0.5,25,20,5.84082747350026,1430.23787178642
20,"Spoon",11,-97.7706107960504,6.92783703865649,-0.5,25,22,53.2419698981016,1495.25318121565
20,"Spoon",12,-97.7706107960504,6.92783703865649,-0.5,25,24,18.7057500129071,1450.04098276968
20,"Spoon",13,-97.7706107960504,6.92783703865649,-0.5,25,26,-36.0606500966567,1377.6138205131
20,"Spoon",14,-97.7706107960504,6.92783703865649,-0.5,25,28,-28.0619520087782,1389.62238038397
20,"Spoon",15,-97.7706107960504,6.92783703865649,-0.5,25,30,-14.1395838242153,1409.59984935596
20,"Spoon",16,-97.7706107960504,6.92783703865649,-0.5,25,32,22.0112620533238,1459.48052281106
20,"Spoon",17,-97.7706107960504,6.92783703865649,-0.5,25,34,22.9458068787756,1461.98592090792
20,"Spoon",18,-97.7706107960504,6.92783703865649,-0.5,25,36,-22.4688154164752,1402.13938284543
20,"Spoon",19,-97.7706107960504,6.92783703865649,-0.5,25,38,-14.5890642708046,1413.98792749687
20,"Spoon",20,-97.7706107960504,6.92783703865649,-0.5,25,40,-37.0851269999278,1384.97293726371
